year,age,sex,lfp
1961,44,Male,.67714006
1962,44,Male,.60929859
1963,44,Male,.9174937
1964,44,Male,.91800123
1965,44,Male,.96008927
1966,44,Male,.96658337
1967,44,Male,.9629584
1968,44,Male,.95249861
1969,44,Male,.97349638
1970,44,Male,.9571076
1971,44,Male,.95000887
1972,44,Male,.94385272
1973,44,Male,.9458701
1974,44,Male,.92853606
1975,44,Male,.93752354
1976,44,Male,.92758626
1977,44,Male,.92916441
1978,44,Male,.92161649
1979,44,Male,.9491961
1980,44,Male,.94403028
1981,44,Male,.92908156
1982,44,Male,.9139272
1983,44,Male,.92459345
1984,44,Male,.92227417
1985,44,Male,.93432158
1986,44,Male,.94658554
1987,44,Male,.93805343
1988,44,Male,.92441088
1989,44,Male,.94711441
1990,44,Male,.93572146
1991,44,Male,.93569249
1992,44,Male,.92655724
1993,44,Male,.91763604
1994,44,Male,.92905605
1995,44,Male,.89618355
1996,44,Male,.92054302
1997,44,Male,.9265151
1998,44,Male,.93444389
1999,44,Male,.89567024
2000,44,Male,.90694344
2001,44,Male,.91289282
2002,44,Male,.8993206
2003,44,Male,.8908999
2004,44,Male,.90418762
2005,44,Male,.90112072
2006,44,Male,.8977201
2007,44,Male,.90881151
2008,44,Male,.87865293
2009,44,Male,.88668019
2010,44,Male,.8800658
2011,44,Male,.87219816
2012,44,Male,.88843709
2013,44,Male,.89851671
2014,44,Male,.87907106
2015,44,Male,.88653964
2016,44,Male,.86495757
1961,44,Female,.41810653
1962,44,Female,.41668403
1963,44,Female,.55761927
1964,44,Female,.5431397
1965,44,Female,.56040901
1966,44,Female,.53651655
1967,44,Female,.58754152
1968,44,Female,.61315626
1969,44,Female,.60375983
1970,44,Female,.62325919
1971,44,Female,.60006362
1972,44,Female,.59160519
1973,44,Female,.57614809
1974,44,Female,.62817353
1975,44,Female,.60669786
1976,44,Female,.66053367
1977,44,Female,.64595121
1978,44,Female,.66269064
1979,44,Female,.7388218
1980,44,Female,.69144636
1981,44,Female,.72742498
1982,44,Female,.69054073
1983,44,Female,.70461267
1984,44,Female,.74547178
1985,44,Female,.75186086
1986,44,Female,.77187467
1987,44,Female,.78449899
1988,44,Female,.78790182
1989,44,Female,.74295658
1990,44,Female,.78858346
1991,44,Female,.79453862
1992,44,Female,.80186713
1993,44,Female,.79105288
1994,44,Female,.80268103
1995,44,Female,.80504012
1996,44,Female,.7934854
1997,44,Female,.81857812
1998,44,Female,.79029834
1999,44,Female,.80459666
2000,44,Female,.80870062
2001,44,Female,.797934
2002,44,Female,.82481229
2003,44,Female,.80321544
2004,44,Female,.78662378
2005,44,Female,.7938441
2006,44,Female,.78969729
2007,44,Female,.79419029
2008,44,Female,.78178406
2009,44,Female,.78454238
2010,44,Female,.77960485
2011,44,Female,.767887
2012,44,Female,.75106001
2013,44,Female,.76288527
2014,44,Female,.77176195
2015,44,Female,.7679109
2016,44,Female,.76776904
1961,45,Male,.6912576
1962,45,Male,.60937804
1963,45,Male,.93572611
1964,45,Male,.92668098
1965,45,Male,.96496403
1966,45,Male,.9786998
1967,45,Male,.95899194
1968,45,Male,.95782316
1969,45,Male,.95284402
1970,45,Male,.96586084
1971,45,Male,.94915748
1972,45,Male,.9549588
1973,45,Male,.95381343
1974,45,Male,.95068979
1975,45,Male,.92511249
1976,45,Male,.94072378
1977,45,Male,.92158699
1978,45,Male,.9325648
1979,45,Male,.93557018
1980,45,Male,.9410032
1981,45,Male,.94232208
1982,45,Male,.9220081
1983,45,Male,.92856729
1984,45,Male,.91979814
1985,45,Male,.93855935
1986,45,Male,.93291408
1987,45,Male,.93441206
1988,45,Male,.92534775
1989,45,Male,.92717785
1990,45,Male,.93575996
1991,45,Male,.91786504
1992,45,Male,.90528357
1993,45,Male,.91118145
1994,45,Male,.92913836
1995,45,Male,.92809319
1996,45,Male,.90424258
1997,45,Male,.91705734
1998,45,Male,.91417783
1999,45,Male,.93390781
2000,45,Male,.92356306
2001,45,Male,.90557337
2002,45,Male,.89532089
2003,45,Male,.89652705
2004,45,Male,.88555974
2005,45,Male,.91440785
2006,45,Male,.88687015
2007,45,Male,.88324136
2008,45,Male,.86549008
2009,45,Male,.86763531
2010,45,Male,.84576356
2011,45,Male,.86766177
2012,45,Male,.87743223
2013,45,Male,.88101441
2014,45,Male,.88382638
2015,45,Male,.86708719
2016,45,Male,.89537549
1961,45,Female,.43476224
1962,45,Female,.38366702
1963,45,Female,.60214251
1964,45,Female,.56748939
1965,45,Female,.59066552
1966,45,Female,.59776992
1967,45,Female,.5704509
1968,45,Female,.62516248
1969,45,Female,.60463566
1970,45,Female,.63974708
1971,45,Female,.61448169
1972,45,Female,.59809369
1973,45,Female,.60721773
1974,45,Female,.60241139
1975,45,Female,.59739989
1976,45,Female,.62061656
1977,45,Female,.66685003
1978,45,Female,.65610957
1979,45,Female,.69436604
1980,45,Female,.72119582
1981,45,Female,.72833014
1982,45,Female,.69657606
1983,45,Female,.7015925
1984,45,Female,.74912161
1985,45,Female,.74435419
1986,45,Female,.75494492
1987,45,Female,.76755983
1988,45,Female,.78437442
1989,45,Female,.78989702
1990,45,Female,.77671891
1991,45,Female,.76590556
1992,45,Female,.78245825
1993,45,Female,.79407179
1994,45,Female,.80978405
1995,45,Female,.81212342
1996,45,Female,.81903541
1997,45,Female,.82416517
1998,45,Female,.82107693
1999,45,Female,.82356477
2000,45,Female,.81290257
2001,45,Female,.78408945
2002,45,Female,.80996668
2003,45,Female,.80463827
2004,45,Female,.80780554
2005,45,Female,.77606934
2006,45,Female,.79130566
2007,45,Female,.78687662
2008,45,Female,.78329837
2009,45,Female,.77713919
2010,45,Female,.74208158
2011,45,Female,.75378859
2012,45,Female,.7627359
2013,45,Female,.74506992
2014,45,Female,.76246679
2015,45,Female,.76891631
2016,45,Female,.77558774
1961,46,Male,.65896213
1962,46,Male,.59011036
1963,46,Male,.93666363
1964,46,Male,.92996389
1965,46,Male,.96481168
1966,46,Male,.96183372
1967,46,Male,.95709932
1968,46,Male,.97106355
1969,46,Male,.95640588
1970,46,Male,.95582807
1971,46,Male,.94362891
1972,46,Male,.95621157
1973,46,Male,.96018529
1974,46,Male,.95621532
1975,46,Male,.93923336
1976,46,Male,.92428213
1977,46,Male,.93620491
1978,46,Male,.94548267
1979,46,Male,.93292367
1980,46,Male,.92398846
1981,46,Male,.91830397
1982,46,Male,.94042957
1983,46,Male,.92782897
1984,46,Male,.90742272
1985,46,Male,.9347437
1986,46,Male,.92601627
1987,46,Male,.90897942
1988,46,Male,.93676311
1989,46,Male,.94113404
1990,46,Male,.913118
1991,46,Male,.92511499
1992,46,Male,.8818773
1993,46,Male,.89282709
1994,46,Male,.90930909
1995,46,Male,.91729146
1996,46,Male,.91696942
1997,46,Male,.92031175
1998,46,Male,.91429746
1999,46,Male,.89124787
2000,46,Male,.90835482
2001,46,Male,.91403836
2002,46,Male,.90133774
2003,46,Male,.89473778
2004,46,Male,.89156955
2005,46,Male,.90091628
2006,46,Male,.89550489
2007,46,Male,.8980912
2008,46,Male,.87402195
2009,46,Male,.85303938
2010,46,Male,.85829091
2011,46,Male,.85232443
2012,46,Male,.86492234
2013,46,Male,.86940366
2014,46,Male,.8669498
2015,46,Male,.87224674
2016,46,Male,.8842141
1961,46,Female,.41637394
1962,46,Female,.39573419
1963,46,Female,.54510272
1964,46,Female,.57072884
1965,46,Female,.60221887
1966,46,Female,.59449947
1967,46,Female,.6123451
1968,46,Female,.60913521
1969,46,Female,.61901468
1970,46,Female,.61914015
1971,46,Female,.59761125
1972,46,Female,.59764349
1973,46,Female,.62782019
1974,46,Female,.62201416
1975,46,Female,.60727119
1976,46,Female,.60757655
1977,46,Female,.65461069
1978,46,Female,.65050137
1979,46,Female,.66554445
1980,46,Female,.69737917
1981,46,Female,.71988732
1982,46,Female,.67424762
1983,46,Female,.69972593
1984,46,Female,.72690028
1985,46,Female,.7242412
1986,46,Female,.71913272
1987,46,Female,.76889557
1988,46,Female,.73521441
1989,46,Female,.80353934
1990,46,Female,.79059494
1991,46,Female,.80544829
1992,46,Female,.78217506
1993,46,Female,.80895001
1994,46,Female,.81938815
1995,46,Female,.81784499
1996,46,Female,.79467231
1997,46,Female,.79269755
1998,46,Female,.82941365
1999,46,Female,.80563295
2000,46,Female,.81631905
2001,46,Female,.80931723
2002,46,Female,.80576551
2003,46,Female,.79139984
2004,46,Female,.78249997
2005,46,Female,.79126221
2006,46,Female,.7904281
2007,46,Female,.76396006
2008,46,Female,.80809087
2009,46,Female,.75949109
2010,46,Female,.76263177
2011,46,Female,.73291677
2012,46,Female,.76812214
2013,46,Female,.76887262
2014,46,Female,.73131251
2015,46,Female,.77033997
2016,46,Female,.75217259
1961,47,Male,.67474061
1962,47,Male,.61139399
1963,47,Male,.91334945
1964,47,Male,.91079611
1965,47,Male,.95829344
1966,47,Male,.97100139
1967,47,Male,.96196967
1968,47,Male,.94663602
1969,47,Male,.95209426
1970,47,Male,.94649673
1971,47,Male,.95232928
1972,47,Male,.9536221
1973,47,Male,.94358468
1974,47,Male,.94405812
1975,47,Male,.92096519
1976,47,Male,.9402675
1977,47,Male,.93133575
1978,47,Male,.94633663
1979,47,Male,.94720411
1980,47,Male,.93996006
1981,47,Male,.92158651
1982,47,Male,.92604029
1983,47,Male,.90470493
1984,47,Male,.91490597
1985,47,Male,.90960163
1986,47,Male,.94314826
1987,47,Male,.93177611
1988,47,Male,.91452307
1989,47,Male,.93013573
1990,47,Male,.92486864
1991,47,Male,.94087791
1992,47,Male,.91555691
1993,47,Male,.89220047
1994,47,Male,.90751576
1995,47,Male,.90317452
1996,47,Male,.91040885
1997,47,Male,.91457897
1998,47,Male,.90474224
1999,47,Male,.91676873
2000,47,Male,.90099663
2001,47,Male,.90374327
2002,47,Male,.91268289
2003,47,Male,.89082634
2004,47,Male,.88302141
2005,47,Male,.89545941
2006,47,Male,.88348764
2007,47,Male,.88944989
2008,47,Male,.880647
2009,47,Male,.86673677
2010,47,Male,.86138898
2011,47,Male,.8501277
2012,47,Male,.85988039
2013,47,Male,.86961663
2014,47,Male,.8646456
2015,47,Male,.88189083
2016,47,Male,.88770032
1961,47,Female,.405772
1962,47,Female,.38658428
1963,47,Female,.55692625
1964,47,Female,.52472758
1965,47,Female,.58984941
1966,47,Female,.58593643
1967,47,Female,.62037158
1968,47,Female,.60669971
1969,47,Female,.6182574
1970,47,Female,.61210865
1971,47,Female,.61309397
1972,47,Female,.60829371
1973,47,Female,.61465532
1974,47,Female,.60896522
1975,47,Female,.59949243
1976,47,Female,.64399421
1977,47,Female,.62633288
1978,47,Female,.67327988
1979,47,Female,.64983588
1980,47,Female,.68849367
1981,47,Female,.65178776
1982,47,Female,.66450012
1983,47,Female,.68233037
1984,47,Female,.71358812
1985,47,Female,.71195525
1986,47,Female,.74228644
1987,47,Female,.71973163
1988,47,Female,.7505759
1989,47,Female,.75634259
1990,47,Female,.79726964
1991,47,Female,.76953304
1992,47,Female,.76001012
1993,47,Female,.792238
1994,47,Female,.79312909
1995,47,Female,.77593386
1996,47,Female,.80988151
1997,47,Female,.77818215
1998,47,Female,.80245513
1999,47,Female,.82250017
2000,47,Female,.81642962
2001,47,Female,.78722918
2002,47,Female,.80810761
2003,47,Female,.77953798
2004,47,Female,.78845304
2005,47,Female,.78322166
2006,47,Female,.79159355
2007,47,Female,.78633702
2008,47,Female,.77779788
2009,47,Female,.7807191
2010,47,Female,.75153005
2011,47,Female,.73785859
2012,47,Female,.73843294
2013,47,Female,.74992132
2014,47,Female,.75978982
2015,47,Female,.74328393
2016,47,Female,.75353998
1961,48,Male,.68512046
1962,48,Male,.6598978
1963,48,Male,.90970522
1964,48,Male,.90669256
1965,48,Male,.96103036
1966,48,Male,.94959086
1967,48,Male,.96946859
1968,48,Male,.95993197
1969,48,Male,.96112227
1970,48,Male,.96302837
1971,48,Male,.95868331
1972,48,Male,.95328116
1973,48,Male,.94783103
1974,48,Male,.93066943
1975,48,Male,.92577702
1976,48,Male,.92339694
1977,48,Male,.92097849
1978,48,Male,.94114578
1979,48,Male,.93667799
1980,48,Male,.92459166
1981,48,Male,.91372263
1982,48,Male,.93876022
1983,48,Male,.9188599
1984,48,Male,.90793866
1985,48,Male,.91322935
1986,48,Male,.90821677
1987,48,Male,.92993331
1988,48,Male,.9077099
1989,48,Male,.91545129
1990,48,Male,.92422295
1991,48,Male,.90917152
1992,48,Male,.91288364
1993,48,Male,.88055527
1994,48,Male,.90034139
1995,48,Male,.90988266
1996,48,Male,.90605336
1997,48,Male,.90707207
1998,48,Male,.90688044
1999,48,Male,.90384632
2000,48,Male,.90610641
2001,48,Male,.90415722
2002,48,Male,.89837164
2003,48,Male,.89388621
2004,48,Male,.90609276
2005,48,Male,.88919622
2006,48,Male,.88808322
2007,48,Male,.88294637
2008,48,Male,.85114527
2009,48,Male,.83849984
2010,48,Male,.83485121
2011,48,Male,.8489328
2012,48,Male,.86659425
2013,48,Male,.82263362
2014,48,Male,.8542493
2015,48,Male,.86467344
2016,48,Male,.87575787
1961,48,Female,.39886141
1962,48,Female,.39429492
1963,48,Female,.51635277
1964,48,Female,.59498745
1965,48,Female,.58112901
1966,48,Female,.55682999
1967,48,Female,.57268345
1968,48,Female,.59579515
1969,48,Female,.6074515
1970,48,Female,.61372066
1971,48,Female,.58497673
1972,48,Female,.55758715
1973,48,Female,.62158936
1974,48,Female,.57420516
1975,48,Female,.61598593
1976,48,Female,.61093521
1977,48,Female,.63012636
1978,48,Female,.61175752
1979,48,Female,.65763867
1980,48,Female,.65270203
1981,48,Female,.67510355
1982,48,Female,.63976961
1983,48,Female,.64173865
1984,48,Female,.68162036
1985,48,Female,.7383945
1986,48,Female,.70903015
1987,48,Female,.72797841
1988,48,Female,.74686813
1989,48,Female,.7682398
1990,48,Female,.74036509
1991,48,Female,.77021146
1992,48,Female,.76501411
1993,48,Female,.76928681
1994,48,Female,.78397393
1995,48,Female,.78437263
1996,48,Female,.78343755
1997,48,Female,.7995078
1998,48,Female,.78489655
1999,48,Female,.82682866
2000,48,Female,.80539536
2001,48,Female,.7980358
2002,48,Female,.77654666
2003,48,Female,.79119056
2004,48,Female,.78822732
2005,48,Female,.80747229
2006,48,Female,.79947293
2007,48,Female,.78623384
2008,48,Female,.77631545
2009,48,Female,.75222749
2010,48,Female,.74157578
2011,48,Female,.73437607
2012,48,Female,.7366516
2013,48,Female,.72901708
2014,48,Female,.74043995
2015,48,Female,.74962699
2016,48,Female,.7698074
1961,49,Male,.69424689
1962,49,Male,.64710891
1963,49,Male,.92581463
1964,49,Male,.91476214
1965,49,Male,.95126903
1966,49,Male,.93918014
1967,49,Male,.94938445
1968,49,Male,.95892984
1969,49,Male,.96019489
1970,49,Male,.93867058
1971,49,Male,.95978487
1972,49,Male,.95390761
1973,49,Male,.92989224
1974,49,Male,.932486
1975,49,Male,.90805733
1976,49,Male,.91366965
1977,49,Male,.95464599
1978,49,Male,.92193574
1979,49,Male,.93043673
1980,49,Male,.90672064
1981,49,Male,.91341108
1982,49,Male,.89732581
1983,49,Male,.92229861
1984,49,Male,.93141824
1985,49,Male,.91754627
1986,49,Male,.91355771
1987,49,Male,.90185291
1988,49,Male,.91830456
1989,49,Male,.90803927
1990,49,Male,.90845162
1991,49,Male,.92416352
1992,49,Male,.90046829
1993,49,Male,.89107484
1994,49,Male,.88109225
1995,49,Male,.92656708
1996,49,Male,.89670807
1997,49,Male,.90981263
1998,49,Male,.90650266
1999,49,Male,.91528869
2000,49,Male,.89151347
2001,49,Male,.89429611
2002,49,Male,.88773787
2003,49,Male,.86045402
2004,49,Male,.86667562
2005,49,Male,.87995893
2006,49,Male,.87753278
2007,49,Male,.88014996
2008,49,Male,.85560799
2009,49,Male,.83664167
2010,49,Male,.85585183
2011,49,Male,.846268
2012,49,Male,.82179093
2013,49,Male,.82988226
2014,49,Male,.82650155
2015,49,Male,.88392115
2016,49,Male,.86079168
1961,49,Female,.41050729
1962,49,Female,.41977793
1963,49,Female,.56301266
1964,49,Female,.52918649
1965,49,Female,.59222937
1966,49,Female,.61267388
1967,49,Female,.59974742
1968,49,Female,.60212523
1969,49,Female,.61931723
1970,49,Female,.60160106
1971,49,Female,.62809253
1972,49,Female,.58005232
1973,49,Female,.60711479
1974,49,Female,.6078015
1975,49,Female,.60178041
1976,49,Female,.63532722
1977,49,Female,.63406283
1978,49,Female,.60830683
1979,49,Female,.64790893
1980,49,Female,.67580312
1981,49,Female,.63271403
1982,49,Female,.64007419
1983,49,Female,.67467785
1984,49,Female,.67693323
1985,49,Female,.6654368
1986,49,Female,.70915049
1987,49,Female,.69557565
1988,49,Female,.74774575
1989,49,Female,.69737768
1990,49,Female,.7211768
1991,49,Female,.72626144
1992,49,Female,.75188988
1993,49,Female,.7629056
1994,49,Female,.77130556
1995,49,Female,.78596693
1996,49,Female,.79249394
1997,49,Female,.78296274
1998,49,Female,.78792888
1999,49,Female,.81378853
2000,49,Female,.7790516
2001,49,Female,.79711187
2002,49,Female,.7846821
2003,49,Female,.78862065
2004,49,Female,.78384393
2005,49,Female,.7702353
2006,49,Female,.79640859
2007,49,Female,.75597161
2008,49,Female,.76696873
2009,49,Female,.75091523
2010,49,Female,.74429303
2011,49,Female,.74868804
2012,49,Female,.73900622
2013,49,Female,.73642689
2014,49,Female,.74463683
2015,49,Female,.72660476
2016,49,Female,.76104909
1961,50,Male,.66955787
1962,50,Male,.62658817
1963,50,Male,.91894859
1964,50,Male,.94055897
1965,50,Male,.95202476
1966,50,Male,.92938656
1967,50,Male,.95089179
1968,50,Male,.95695162
1969,50,Male,.94813287
1970,50,Male,.95379919
1971,50,Male,.94236541
1972,50,Male,.94946873
1973,50,Male,.93392295
1974,50,Male,.90765357
1975,50,Male,.91003805
1976,50,Male,.90688956
1977,50,Male,.91871572
1978,50,Male,.93758005
1979,50,Male,.90999591
1980,50,Male,.90289778
1981,50,Male,.89941335
1982,50,Male,.89156038
1983,50,Male,.88199764
1984,50,Male,.89206862
1985,50,Male,.90948588
1986,50,Male,.9044736
1987,50,Male,.90131938
1988,50,Male,.91846979
1989,50,Male,.93327636
1990,50,Male,.90633589
1991,50,Male,.9019528
1992,50,Male,.90497422
1993,50,Male,.88881648
1994,50,Male,.88420153
1995,50,Male,.86965567
1996,50,Male,.92291951
1997,50,Male,.90671259
1998,50,Male,.90309238
1999,50,Male,.89164281
2000,50,Male,.88448811
2001,50,Male,.87720364
2002,50,Male,.89873803
2003,50,Male,.8728739
2004,50,Male,.85387868
2005,50,Male,.87923884
2006,50,Male,.88276625
2007,50,Male,.88265067
2008,50,Male,.8701297
2009,50,Male,.81912738
2010,50,Male,.8510828
2011,50,Male,.84789252
2012,50,Male,.84176743
2013,50,Male,.83701903
2014,50,Male,.84083217
2015,50,Male,.83995289
2016,50,Male,.8525694
1961,50,Female,.4190627
1962,50,Female,.38804886
1963,50,Female,.57693219
1964,50,Female,.57990658
1965,50,Female,.55714655
1966,50,Female,.59043938
1967,50,Female,.59192103
1968,50,Female,.60030651
1969,50,Female,.59651637
1970,50,Female,.60736811
1971,50,Female,.58972156
1972,50,Female,.58567852
1973,50,Female,.59531158
1974,50,Female,.59096426
1975,50,Female,.57638264
1976,50,Female,.5732981
1977,50,Female,.61412585
1978,50,Female,.63718611
1979,50,Female,.63733184
1980,50,Female,.64805251
1981,50,Female,.62197876
1982,50,Female,.60731351
1983,50,Female,.68572134
1984,50,Female,.66793585
1985,50,Female,.69031763
1986,50,Female,.69427341
1987,50,Female,.68363047
1988,50,Female,.71784526
1989,50,Female,.75398153
1990,50,Female,.7434023
1991,50,Female,.72804296
1992,50,Female,.7292586
1993,50,Female,.72421348
1994,50,Female,.76781458
1995,50,Female,.75981802
1996,50,Female,.76803583
1997,50,Female,.78158849
1998,50,Female,.77637398
1999,50,Female,.82567161
2000,50,Female,.79537505
2001,50,Female,.78544658
2002,50,Female,.78786117
2003,50,Female,.79549623
2004,50,Female,.77420646
2005,50,Female,.77549559
2006,50,Female,.76995039
2007,50,Female,.7564376
2008,50,Female,.76523089
2009,50,Female,.76185864
2010,50,Female,.72105944
2011,50,Female,.73494786
2012,50,Female,.760975
2013,50,Female,.75406271
2014,50,Female,.71615207
2015,50,Female,.74538547
2016,50,Female,.74811202
1961,51,Male,.69487685
1962,51,Male,.57256854
1963,51,Male,.94198161
1964,51,Male,.90986323
1965,51,Male,.95487124
1966,51,Male,.94827241
1967,51,Male,.95966023
1968,51,Male,.9609077
1969,51,Male,.94382781
1970,51,Male,.95220053
1971,51,Male,.94360429
1972,51,Male,.93204117
1973,51,Male,.91874838
1974,51,Male,.92495126
1975,51,Male,.91373014
1976,51,Male,.89082223
1977,51,Male,.90038794
1978,51,Male,.91865784
1979,51,Male,.93226808
1980,51,Male,.90787309
1981,51,Male,.89070117
1982,51,Male,.90267587
1983,51,Male,.8766523
1984,51,Male,.88899589
1985,51,Male,.91389203
1986,51,Male,.91198897
1987,51,Male,.90179712
1988,51,Male,.90169841
1989,51,Male,.90716535
1990,51,Male,.90821141
1991,51,Male,.8731097
1992,51,Male,.88656408
1993,51,Male,.8878029
1994,51,Male,.8858605
1995,51,Male,.86371142
1996,51,Male,.87903464
1997,51,Male,.88063216
1998,51,Male,.88607156
1999,51,Male,.87432551
2000,51,Male,.88325596
2001,51,Male,.86508512
2002,51,Male,.86741251
2003,51,Male,.85739386
2004,51,Male,.8710897
2005,51,Male,.84208322
2006,51,Male,.87363482
2007,51,Male,.88861841
2008,51,Male,.84964418
2009,51,Male,.83869088
2010,51,Male,.81059796
2011,51,Male,.82567787
2012,51,Male,.83778042
2013,51,Male,.84874475
2014,51,Male,.84342253
2015,51,Male,.83794075
2016,51,Male,.83353943
1961,51,Female,.40572596
1962,51,Female,.38498086
1963,51,Female,.5337472
1964,51,Female,.55112338
1965,51,Female,.56545961
1966,51,Female,.56515032
1967,51,Female,.61660409
1968,51,Female,.60433012
1969,51,Female,.60309798
1970,51,Female,.58313257
1971,51,Female,.58655167
1972,51,Female,.56196129
1973,51,Female,.58060205
1974,51,Female,.59002435
1975,51,Female,.58302212
1976,51,Female,.56254518
1977,51,Female,.56668377
1978,51,Female,.60672039
1979,51,Female,.59535789
1980,51,Female,.64361829
1981,51,Female,.64988047
1982,51,Female,.6264872
1983,51,Female,.63010079
1984,51,Female,.6599527
1985,51,Female,.66957331
1986,51,Female,.68015486
1987,51,Female,.72029817
1988,51,Female,.69099003
1989,51,Female,.71552306
1990,51,Female,.72885114
1991,51,Female,.73216331
1992,51,Female,.74375021
1993,51,Female,.73263913
1994,51,Female,.73816025
1995,51,Female,.76742005
1996,51,Female,.77795076
1997,51,Female,.75860327
1998,51,Female,.76954687
1999,51,Female,.76646316
2000,51,Female,.7740345
2001,51,Female,.7788651
2002,51,Female,.77313495
2003,51,Female,.75031132
2004,51,Female,.75602156
2005,51,Female,.74817109
2006,51,Female,.74692613
2007,51,Female,.74525994
2008,51,Female,.75267172
2009,51,Female,.7420333
2010,51,Female,.73912996
2011,51,Female,.7259295
2012,51,Female,.70605087
2013,51,Female,.75924909
2014,51,Female,.7277844
2015,51,Female,.7412383
2016,51,Female,.74387884
1961,52,Male,.66035473
1962,52,Male,.62523293
1963,52,Male,.91238314
1964,52,Male,.89038253
1965,52,Male,.93874615
1966,52,Male,.94553047
1967,52,Male,.9355613
1968,52,Male,.96284389
1969,52,Male,.94990158
1970,52,Male,.93642324
1971,52,Male,.92848343
1972,52,Male,.93840069
1973,52,Male,.91391629
1974,52,Male,.9046976
1975,52,Male,.90100527
1976,52,Male,.89875168
1977,52,Male,.89704782
1978,52,Male,.91687304
1979,52,Male,.88868397
1980,52,Male,.9075644
1981,52,Male,.90609878
1982,52,Male,.86565423
1983,52,Male,.8669852
1984,52,Male,.88061798
1985,52,Male,.89347398
1986,52,Male,.90739548
1987,52,Male,.89450252
1988,52,Male,.90051031
1989,52,Male,.88022393
1990,52,Male,.90686375
1991,52,Male,.89318609
1992,52,Male,.86446667
1993,52,Male,.87906486
1994,52,Male,.87577426
1995,52,Male,.87591815
1996,52,Male,.88324404
1997,52,Male,.864712
1998,52,Male,.85435086
1999,52,Male,.8705579
2000,52,Male,.86490941
2001,52,Male,.86411959
2002,52,Male,.86250705
2003,52,Male,.8558079
2004,52,Male,.85245299
2005,52,Male,.87000167
2006,52,Male,.86927521
2007,52,Male,.84644908
2008,52,Male,.87284845
2009,52,Male,.8301056
2010,52,Male,.8166905
2011,52,Male,.81677377
2012,52,Male,.8044278
2013,52,Male,.81204277
2014,52,Male,.84374857
2015,52,Male,.85942125
2016,52,Male,.83281839
1961,52,Female,.38332388
1962,52,Female,.35644218
1963,52,Female,.52844244
1964,52,Female,.5178721
1965,52,Female,.55793613
1966,52,Female,.58077615
1967,52,Female,.60254145
1968,52,Female,.58123553
1969,52,Female,.57635766
1970,52,Female,.58661515
1971,52,Female,.59998763
1972,52,Female,.55520475
1973,52,Female,.6080187
1974,52,Female,.57688552
1975,52,Female,.57045782
1976,52,Female,.56586432
1977,52,Female,.5924347
1978,52,Female,.56671184
1979,52,Female,.58670628
1980,52,Female,.60117882
1981,52,Female,.62125355
1982,52,Female,.60565066
1983,52,Female,.62563932
1984,52,Female,.64549893
1985,52,Female,.63206983
1986,52,Female,.66310483
1987,52,Female,.64165199
1988,52,Female,.72252196
1989,52,Female,.68967193
1990,52,Female,.71632564
1991,52,Female,.71570879
1992,52,Female,.74662006
1993,52,Female,.74266601
1994,52,Female,.7559377
1995,52,Female,.72717297
1996,52,Female,.75782967
1997,52,Female,.75546885
1998,52,Female,.75755453
1999,52,Female,.79940826
2000,52,Female,.75929934
2001,52,Female,.7635591
2002,52,Female,.75550264
2003,52,Female,.77900207
2004,52,Female,.73944932
2005,52,Female,.75191641
2006,52,Female,.75221187
2007,52,Female,.75638044
2008,52,Female,.75150442
2009,52,Female,.75068247
2010,52,Female,.70629531
2011,52,Female,.7425189
2012,52,Female,.73064607
2013,52,Female,.7250762
2014,52,Female,.74325776
2015,52,Female,.70004213
2016,52,Female,.72338009
1961,53,Male,.67043698
1962,53,Male,.63101023
1963,53,Male,.88819885
1964,53,Male,.91582239
1965,53,Male,.94395095
1966,53,Male,.94840646
1967,53,Male,.95407087
1968,53,Male,.94765586
1969,53,Male,.94303942
1970,53,Male,.94002259
1971,53,Male,.92025614
1972,53,Male,.91703087
1973,53,Male,.90779155
1974,53,Male,.88884813
1975,53,Male,.89192379
1976,53,Male,.89021468
1977,53,Male,.87917668
1978,53,Male,.87637323
1979,53,Male,.89464009
1980,53,Male,.88874018
1981,53,Male,.89161557
1982,53,Male,.86245221
1983,53,Male,.87064916
1984,53,Male,.8596614
1985,53,Male,.87802905
1986,53,Male,.90272552
1987,53,Male,.8950724
1988,53,Male,.86098331
1989,53,Male,.87342763
1990,53,Male,.84609061
1991,53,Male,.88426942
1992,53,Male,.8656342
1993,53,Male,.86220413
1994,53,Male,.86699295
1995,53,Male,.84204996
1996,53,Male,.88812101
1997,53,Male,.8970421
1998,53,Male,.85754961
1999,53,Male,.88475084
2000,53,Male,.87367231
2001,53,Male,.84985083
2002,53,Male,.85733169
2003,53,Male,.8431102
2004,53,Male,.86094415
2005,53,Male,.83034527
2006,53,Male,.84146613
2007,53,Male,.85582489
2008,53,Male,.84377962
2009,53,Male,.85656685
2010,53,Male,.81446683
2011,53,Male,.80473334
2012,53,Male,.82338452
2013,53,Male,.83030182
2014,53,Male,.81566262
2015,53,Male,.82786041
2016,53,Male,.82818508
1961,53,Female,.36044508
1962,53,Female,.39446956
1963,53,Female,.58968866
1964,53,Female,.5326823
1965,53,Female,.56837922
1966,53,Female,.55935371
1967,53,Female,.58271879
1968,53,Female,.58216923
1969,53,Female,.57715565
1970,53,Female,.5524686
1971,53,Female,.58346713
1972,53,Female,.59437394
1973,53,Female,.55913514
1974,53,Female,.60404503
1975,53,Female,.53959864
1976,53,Female,.59035438
1977,53,Female,.54922891
1978,53,Female,.62559342
1979,53,Female,.62289566
1980,53,Female,.5908125
1981,53,Female,.57017356
1982,53,Female,.56788433
1983,53,Female,.592686
1984,53,Female,.61694258
1985,53,Female,.63764852
1986,53,Female,.61555624
1987,53,Female,.6379866
1988,53,Female,.6298396
1989,53,Female,.66367948
1990,53,Female,.65344697
1991,53,Female,.68349701
1992,53,Female,.71318203
1993,53,Female,.68461299
1994,53,Female,.71136969
1995,53,Female,.67809123
1996,53,Female,.71476406
1997,53,Female,.72120774
1998,53,Female,.70669717
1999,53,Female,.71311069
2000,53,Female,.73308849
2001,53,Female,.74481505
2002,53,Female,.72111756
2003,53,Female,.73984784
2004,53,Female,.73348546
2005,53,Female,.74750715
2006,53,Female,.74689436
2007,53,Female,.75219256
2008,53,Female,.76096439
2009,53,Female,.74980497
2010,53,Female,.75072521
2011,53,Female,.70626342
2012,53,Female,.74228734
2013,53,Female,.725438
2014,53,Female,.71833086
2015,53,Female,.71943361
2016,53,Female,.6889922
1961,54,Male,.63547063
1962,54,Male,.595155
1963,54,Male,.90729177
1964,54,Male,.88434172
1965,54,Male,.90780938
1966,54,Male,.94015974
1967,54,Male,.94589347
1968,54,Male,.93044931
1969,54,Male,.9321872
1970,54,Male,.93157423
1971,54,Male,.93947637
1972,54,Male,.9108777
1973,54,Male,.89466548
1974,54,Male,.85527807
1975,54,Male,.88840455
1976,54,Male,.88667697
1977,54,Male,.89366734
1978,54,Male,.86739659
1979,54,Male,.87398326
1980,54,Male,.88232881
1981,54,Male,.91674328
1982,54,Male,.8892681
1983,54,Male,.84893894
1984,54,Male,.85674757
1985,54,Male,.87410861
1986,54,Male,.86565274
1987,54,Male,.84599632
1988,54,Male,.8677628
1989,54,Male,.85808337
1990,54,Male,.85828489
1991,54,Male,.86313272
1992,54,Male,.84350127
1993,54,Male,.83294523
1994,54,Male,.84300339
1995,54,Male,.86334383
1996,54,Male,.85790187
1997,54,Male,.87526673
1998,54,Male,.86316568
1999,54,Male,.80877936
2000,54,Male,.86802554
2001,54,Male,.85606557
2002,54,Male,.83798265
2003,54,Male,.8342948
2004,54,Male,.82288998
2005,54,Male,.83716553
2006,54,Male,.84278625
2007,54,Male,.85270017
2008,54,Male,.85090792
2009,54,Male,.81204683
2010,54,Male,.81367785
2011,54,Male,.79514009
2012,54,Male,.81178367
2013,54,Male,.80071527
2014,54,Male,.81514275
2015,54,Male,.82337707
2016,54,Male,.80770928
1961,54,Female,.3923724
1962,54,Female,.36328232
1963,54,Female,.57739216
1964,54,Female,.56209069
1965,54,Female,.5385977
1966,54,Female,.56513274
1967,54,Female,.56897694
1968,54,Female,.59003079
1969,54,Female,.58402699
1970,54,Female,.54537505
1971,54,Female,.57333338
1972,54,Female,.57577395
1973,54,Female,.58445078
1974,54,Female,.55915064
1975,54,Female,.56261027
1976,54,Female,.53235924
1977,54,Female,.59539199
1978,54,Female,.521213
1979,54,Female,.57814205
1980,54,Female,.57720745
1981,54,Female,.57852519
1982,54,Female,.57081139
1983,54,Female,.565359
1984,54,Female,.6343289
1985,54,Female,.60707885
1986,54,Female,.60768849
1987,54,Female,.60686237
1988,54,Female,.6277914
1989,54,Female,.66374731
1990,54,Female,.61558992
1991,54,Female,.64754713
1992,54,Female,.6830833
1993,54,Female,.70236051
1994,54,Female,.67216641
1995,54,Female,.69112986
1996,54,Female,.69192767
1997,54,Female,.69654775
1998,54,Female,.68948615
1999,54,Female,.69170928
2000,54,Female,.71263713
2001,54,Female,.74593854
2002,54,Female,.73788643
2003,54,Female,.71404809
2004,54,Female,.71245611
2005,54,Female,.73363703
2006,54,Female,.72891235
2007,54,Female,.73858798
2008,54,Female,.74652708
2009,54,Female,.74994946
2010,54,Female,.71095747
2011,54,Female,.73327178
2012,54,Female,.73153019
2013,54,Female,.69224137
2014,54,Female,.71677351
2015,54,Female,.74404275
2016,54,Female,.70621163
1961,55,Male,.68214321
1962,55,Male,.62068802
1963,55,Male,.86454934
1964,55,Male,.8919071
1965,55,Male,.91891837
1966,55,Male,.92053479
1967,55,Male,.94162518
1968,55,Male,.94031328
1969,55,Male,.92441475
1970,55,Male,.92144716
1971,55,Male,.93486792
1972,55,Male,.90547043
1973,55,Male,.90226972
1974,55,Male,.87835509
1975,55,Male,.83857548
1976,55,Male,.8800267
1977,55,Male,.87261313
1978,55,Male,.86929029
1979,55,Male,.85293025
1980,55,Male,.86162257
1981,55,Male,.8749308
1982,55,Male,.87735248
1983,55,Male,.84917337
1984,55,Male,.82795203
1985,55,Male,.83569175
1986,55,Male,.86117291
1987,55,Male,.87431771
1988,55,Male,.83502638
1989,55,Male,.82847458
1990,55,Male,.84071457
1991,55,Male,.85243529
1992,55,Male,.85254449
1993,55,Male,.80355793
1994,55,Male,.83954811
1995,55,Male,.84985495
1996,55,Male,.83993876
1997,55,Male,.7912854
1998,55,Male,.82272059
1999,55,Male,.81640798
2000,55,Male,.79354024
2001,55,Male,.82844293
2002,55,Male,.81528944
2003,55,Male,.82811505
2004,55,Male,.79981261
2005,55,Male,.80128586
2006,55,Male,.84079123
2007,55,Male,.8252852
2008,55,Male,.8172121
2009,55,Male,.82827997
2010,55,Male,.80617261
2011,55,Male,.77983421
2012,55,Male,.81199515
2013,55,Male,.78994828
2014,55,Male,.78360385
2015,55,Male,.82206416
2016,55,Male,.79613996
1961,55,Female,.36208847
1962,55,Female,.39343947
1963,55,Female,.52086258
1964,55,Female,.51134545
1965,55,Female,.5544554
1966,55,Female,.56570536
1967,55,Female,.57719898
1968,55,Female,.58783954
1969,55,Female,.55281812
1970,55,Female,.60142195
1971,55,Female,.56841427
1972,55,Female,.52667117
1973,55,Female,.54132354
1974,55,Female,.57874388
1975,55,Female,.56131148
1976,55,Female,.54546845
1977,55,Female,.53862268
1978,55,Female,.56875789
1979,55,Female,.54443926
1980,55,Female,.58093452
1981,55,Female,.54170436
1982,55,Female,.54816067
1983,55,Female,.56216723
1984,55,Female,.56529528
1985,55,Female,.60773009
1986,55,Female,.56351876
1987,55,Female,.61541975
1988,55,Female,.63179946
1989,55,Female,.60646611
1990,55,Female,.6678099
1991,55,Female,.59640259
1992,55,Female,.65055597
1993,55,Female,.64736319
1994,55,Female,.67362988
1995,55,Female,.67082739
1996,55,Female,.68101269
1997,55,Female,.67645347
1998,55,Female,.68973988
1999,55,Female,.7413311
2000,55,Female,.66161853
2001,55,Female,.69412678
2002,55,Female,.69536573
2003,55,Female,.70569044
2004,55,Female,.67032063
2005,55,Female,.72672755
2006,55,Female,.69793099
2007,55,Female,.73429012
2008,55,Female,.71329767
2009,55,Female,.72521353
2010,55,Female,.71244222
2011,55,Female,.70249617
2012,55,Female,.73419136
2013,55,Female,.7116878
2014,55,Female,.70984757
2015,55,Female,.70829576
2016,55,Female,.7043103
1961,56,Male,.69089007
1962,56,Male,.62482166
1963,56,Male,.86472219
1964,56,Male,.87850583
1965,56,Male,.91769326
1966,56,Male,.91723871
1967,56,Male,.93050861
1968,56,Male,.92699254
1969,56,Male,.93574542
1970,56,Male,.91180992
1971,56,Male,.9050355
1972,56,Male,.89399213
1973,56,Male,.90252918
1974,56,Male,.85449612
1975,56,Male,.87413168
1976,56,Male,.85220402
1977,56,Male,.87542111
1978,56,Male,.84371459
1979,56,Male,.83647907
1980,56,Male,.84422576
1981,56,Male,.83816916
1982,56,Male,.85160327
1983,56,Male,.84068084
1984,56,Male,.82284385
1985,56,Male,.82454276
1986,56,Male,.79871529
1987,56,Male,.82679254
1988,56,Male,.81221724
1989,56,Male,.81346142
1990,56,Male,.82378381
1991,56,Male,.81960511
1992,56,Male,.80288196
1993,56,Male,.80849218
1994,56,Male,.815844
1995,56,Male,.81172091
1996,56,Male,.83935523
1997,56,Male,.80764079
1998,56,Male,.80650955
1999,56,Male,.79100662
2000,56,Male,.82614452
2001,56,Male,.76357394
2002,56,Male,.80887645
2003,56,Male,.80453724
2004,56,Male,.81374896
2005,56,Male,.79346609
2006,56,Male,.79297757
2007,56,Male,.78633863
2008,56,Male,.79429072
2009,56,Male,.77126884
2010,56,Male,.7949087
2011,56,Male,.75987059
2012,56,Male,.80051816
2013,56,Male,.78021395
2014,56,Male,.79430711
2015,56,Male,.79047269
2016,56,Male,.76213944
1961,56,Female,.3460266
1962,56,Female,.35292318
1963,56,Female,.49131227
1964,56,Female,.50414211
1965,56,Female,.50377715
1966,56,Female,.54220593
1967,56,Female,.53749263
1968,56,Female,.54231805
1969,56,Female,.58525783
1970,56,Female,.53334963
1971,56,Female,.52284664
1972,56,Female,.54230392
1973,56,Female,.55434901
1974,56,Female,.5061444
1975,56,Female,.53142422
1976,56,Female,.52625734
1977,56,Female,.52391481
1978,56,Female,.5430761
1979,56,Female,.50219518
1980,56,Female,.53225768
1981,56,Female,.51962572
1982,56,Female,.51640171
1983,56,Female,.55073041
1984,56,Female,.56905818
1985,56,Female,.57239139
1986,56,Female,.57421952
1987,56,Female,.56880945
1988,56,Female,.61384326
1989,56,Female,.60102147
1990,56,Female,.61470002
1991,56,Female,.61532402
1992,56,Female,.60009122
1993,56,Female,.65587771
1994,56,Female,.62278044
1995,56,Female,.6537478
1996,56,Female,.63287997
1997,56,Female,.67114997
1998,56,Female,.67373592
1999,56,Female,.64387882
2000,56,Female,.69687963
2001,56,Female,.67011648
2002,56,Female,.69294369
2003,56,Female,.6456759
2004,56,Female,.72274882
2005,56,Female,.67517912
2006,56,Female,.71504897
2007,56,Female,.71628481
2008,56,Female,.70986307
2009,56,Female,.68641633
2010,56,Female,.69775695
2011,56,Female,.66770697
2012,56,Female,.70889086
2013,56,Female,.68842351
2014,56,Female,.6952709
2015,56,Female,.70306945
2016,56,Female,.67767704
1961,57,Male,.63474256
1962,57,Male,.58259255
1963,57,Male,.87558681
1964,57,Male,.8737331
1965,57,Male,.91656679
1966,57,Male,.93588245
1967,57,Male,.90507644
1968,57,Male,.92361468
1969,57,Male,.91354311
1970,57,Male,.93029332
1971,57,Male,.89945656
1972,57,Male,.90406471
1973,57,Male,.88420749
1974,57,Male,.84435481
1975,57,Male,.85112256
1976,57,Male,.83415401
1977,57,Male,.82614022
1978,57,Male,.82163638
1979,57,Male,.83947814
1980,57,Male,.84075236
1981,57,Male,.85746211
1982,57,Male,.80908388
1983,57,Male,.80613947
1984,57,Male,.78264731
1985,57,Male,.81014103
1986,57,Male,.83128959
1987,57,Male,.81276047
1988,57,Male,.81548274
1989,57,Male,.79426014
1990,57,Male,.77929229
1991,57,Male,.79931146
1992,57,Male,.76597917
1993,57,Male,.7826376
1994,57,Male,.81256282
1995,57,Male,.78738725
1996,57,Male,.77677441
1997,57,Male,.79114991
1998,57,Male,.80216908
1999,57,Male,.78360087
2000,57,Male,.77386481
2001,57,Male,.78109348
2002,57,Male,.79235119
2003,57,Male,.81330019
2004,57,Male,.79094517
2005,57,Male,.78371716
2006,57,Male,.79175013
2007,57,Male,.80678427
2008,57,Male,.73703092
2009,57,Male,.77305603
2010,57,Male,.78509915
2011,57,Male,.76645511
2012,57,Male,.77254426
2013,57,Male,.74237037
2014,57,Male,.77556896
2015,57,Male,.74915498
2016,57,Male,.78526437
1961,57,Female,.3758997
1962,57,Female,.31539187
1963,57,Female,.4954232
1964,57,Female,.51227897
1965,57,Female,.53882706
1966,57,Female,.48984185
1967,57,Female,.57009816
1968,57,Female,.53316641
1969,57,Female,.55872601
1970,57,Female,.55843556
1971,57,Female,.53610283
1972,57,Female,.52345878
1973,57,Female,.56063765
1974,57,Female,.53747314
1975,57,Female,.47527125
1976,57,Female,.53623521
1977,57,Female,.51991218
1978,57,Female,.52480656
1979,57,Female,.54183733
1980,57,Female,.50328171
1981,57,Female,.51672679
1982,57,Female,.4819093
1983,57,Female,.50329852
1984,57,Female,.5163641
1985,57,Female,.53626049
1986,57,Female,.50810999
1987,57,Female,.54050452
1988,57,Female,.56231022
1989,57,Female,.5669322
1990,57,Female,.55870265
1991,57,Female,.59695691
1992,57,Female,.61082846
1993,57,Female,.58868778
1994,57,Female,.60938996
1995,57,Female,.58815718
1996,57,Female,.65877831
1997,57,Female,.64101285
1998,57,Female,.63519925
1999,57,Female,.61991084
2000,57,Female,.61724007
2001,57,Female,.63419497
2002,57,Female,.66848469
2003,57,Female,.64422905
2004,57,Female,.66505116
2005,57,Female,.68074304
2006,57,Female,.65971828
2007,57,Female,.70202106
2008,57,Female,.68399715
2009,57,Female,.6659438
2010,57,Female,.68385071
2011,57,Female,.65382785
2012,57,Female,.6510542
2013,57,Female,.66337401
2014,57,Female,.67280567
2015,57,Female,.69096792
2016,57,Female,.69911879
1961,58,Male,.65822709
1962,58,Male,.61519927
1963,58,Male,.88724339
1964,58,Male,.85433096
1965,58,Male,.92345971
1966,58,Male,.87261266
1967,58,Male,.91388798
1968,58,Male,.88723671
1969,58,Male,.90026838
1970,58,Male,.89530653
1971,58,Male,.8966158
1972,58,Male,.86023253
1973,58,Male,.91522372
1974,58,Male,.87413102
1975,58,Male,.83014512
1976,58,Male,.81129497
1977,58,Male,.81691319
1978,58,Male,.81351221
1979,58,Male,.82335871
1980,58,Male,.82404673
1981,58,Male,.80674142
1982,58,Male,.77604657
1983,58,Male,.76827544
1984,58,Male,.79966056
1985,58,Male,.7536276
1986,58,Male,.79633462
1987,58,Male,.8073982
1988,58,Male,.77214092
1989,58,Male,.80021149
1990,58,Male,.79620421
1991,58,Male,.73992294
1992,58,Male,.77571499
1993,58,Male,.76111442
1994,58,Male,.73988032
1995,58,Male,.74875176
1996,58,Male,.76581299
1997,58,Male,.78502834
1998,58,Male,.77130389
1999,58,Male,.74925512
2000,58,Male,.74865413
2001,58,Male,.76871341
2002,58,Male,.76394707
2003,58,Male,.75240642
2004,58,Male,.77134937
2005,58,Male,.78880906
2006,58,Male,.75589991
2007,58,Male,.73726052
2008,58,Male,.75597811
2009,58,Male,.7358219
2010,58,Male,.73645061
2011,58,Male,.73059589
2012,58,Male,.79718816
2013,58,Male,.75345927
2014,58,Male,.73292845
2015,58,Male,.78390604
2016,58,Male,.75184804
1961,58,Female,.33897719
1962,58,Female,.34946352
1963,58,Female,.46800342
1964,58,Female,.48431328
1965,58,Female,.51288873
1966,58,Female,.54193455
1967,58,Female,.49386364
1968,58,Female,.54213452
1969,58,Female,.5407204
1970,58,Female,.51940662
1971,58,Female,.53446966
1972,58,Female,.50248051
1973,58,Female,.51599485
1974,58,Female,.51425385
1975,58,Female,.47783551
1976,58,Female,.48616466
1977,58,Female,.53040129
1978,58,Female,.51449317
1979,58,Female,.52220005
1980,58,Female,.50417745
1981,58,Female,.51648015
1982,58,Female,.52096993
1983,58,Female,.50173384
1984,58,Female,.50057155
1985,58,Female,.49798092
1986,58,Female,.52459401
1987,58,Female,.51194549
1988,58,Female,.56491894
1989,58,Female,.55686373
1990,58,Female,.56214893
1991,58,Female,.53727764
1992,58,Female,.51563936
1993,58,Female,.59835231
1994,58,Female,.60688668
1995,58,Female,.54600346
1996,58,Female,.59301573
1997,58,Female,.63889235
1998,58,Female,.61229801
1999,58,Female,.60134637
2000,58,Female,.59705764
2001,58,Female,.59635383
2002,58,Female,.64071006
2003,58,Female,.63971037
2004,58,Female,.62110049
2005,58,Female,.62542331
2006,58,Female,.62885427
2007,58,Female,.66329753
2008,58,Female,.64679855
2009,58,Female,.633609
2010,58,Female,.63691074
2011,58,Female,.61630875
2012,58,Female,.63536167
2013,58,Female,.64363641
2014,58,Female,.62161833
2015,58,Female,.65606594
2016,58,Female,.66111785
1961,59,Male,.64349836
1962,59,Male,.5983634
1963,59,Male,.81370676
1964,59,Male,.88854432
1965,59,Male,.89580125
1966,59,Male,.88442409
1967,59,Male,.88667071
1968,59,Male,.89140028
1969,59,Male,.88490897
1970,59,Male,.89119381
1971,59,Male,.85500968
1972,59,Male,.87612057
1973,59,Male,.86692053
1974,59,Male,.86501068
1975,59,Male,.82481873
1976,59,Male,.83819288
1977,59,Male,.80232924
1978,59,Male,.80303133
1979,59,Male,.78258258
1980,59,Male,.75915933
1981,59,Male,.79537219
1982,59,Male,.76429218
1983,59,Male,.72777295
1984,59,Male,.75665891
1985,59,Male,.70636463
1986,59,Male,.74995804
1987,59,Male,.74142015
1988,59,Male,.75204051
1989,59,Male,.7587108
1990,59,Male,.79160398
1991,59,Male,.75146466
1992,59,Male,.72072595
1993,59,Male,.6904636
1994,59,Male,.77382296
1995,59,Male,.73203182
1996,59,Male,.73961276
1997,59,Male,.71043569
1998,59,Male,.73333132
1999,59,Male,.72524732
2000,59,Male,.74479938
2001,59,Male,.70209837
2002,59,Male,.75278312
2003,59,Male,.72357821
2004,59,Male,.75195539
2005,59,Male,.72227508
2006,59,Male,.72431815
2007,59,Male,.74894267
2008,59,Male,.73879963
2009,59,Male,.68819523
2010,59,Male,.71548831
2011,59,Male,.71570551
2012,59,Male,.69874078
2013,59,Male,.76876032
2014,59,Male,.7404241
2015,59,Male,.72769397
2016,59,Male,.7167573
1961,59,Female,.3126218
1962,59,Female,.3000125
1963,59,Female,.42301342
1964,59,Female,.47535348
1965,59,Female,.45443019
1966,59,Female,.4991248
1967,59,Female,.5479424
1968,59,Female,.4613739
1969,59,Female,.5178929
1970,59,Female,.53709126
1971,59,Female,.51053786
1972,59,Female,.4986884
1973,59,Female,.49549776
1974,59,Female,.48064509
1975,59,Female,.47671762
1976,59,Female,.46818951
1977,59,Female,.48731515
1978,59,Female,.50063491
1979,59,Female,.44297928
1980,59,Female,.48601761
1981,59,Female,.45267001
1982,59,Female,.47532508
1983,59,Female,.50599962
1984,59,Female,.47858781
1985,59,Female,.45414984
1986,59,Female,.47704738
1987,59,Female,.52175564
1988,59,Female,.5290851
1989,59,Female,.49620503
1990,59,Female,.51051605
1991,59,Female,.54936391
1992,59,Female,.49232402
1993,59,Female,.51914853
1994,59,Female,.55848068
1995,59,Female,.53796703
1996,59,Female,.56438595
1997,59,Female,.52763742
1998,59,Female,.56498516
1999,59,Female,.54863632
2000,59,Female,.55134529
2001,59,Female,.58082885
2002,59,Female,.58866966
2003,59,Female,.61986494
2004,59,Female,.60204965
2005,59,Female,.6073041
2006,59,Female,.58097851
2007,59,Female,.63320488
2008,59,Female,.64814723
2009,59,Female,.62084121
2010,59,Female,.60918444
2011,59,Female,.6555928
2012,59,Female,.60314083
2013,59,Female,.63227898
2014,59,Female,.59576768
2015,59,Female,.62901771
2016,59,Female,.62042618
1961,60,Male,.61724824
1962,60,Male,.66728348
1963,60,Male,.86545455
1964,60,Male,.89494085
1965,60,Male,.88205439
1966,60,Male,.8598218
1967,60,Male,.86668718
1968,60,Male,.90334368
1969,60,Male,.85509533
1970,60,Male,.86841154
1971,60,Male,.85132176
1972,60,Male,.86041301
1973,60,Male,.8572948
1974,60,Male,.81380069
1975,60,Male,.78870267
1976,60,Male,.75699079
1977,60,Male,.77541256
1978,60,Male,.76525539
1979,60,Male,.76052487
1980,60,Male,.72593629
1981,60,Male,.74344325
1982,60,Male,.72921145
1983,60,Male,.71720368
1984,60,Male,.70584881
1985,60,Male,.72670364
1986,60,Male,.72810495
1987,60,Male,.69506991
1988,60,Male,.70065945
1989,60,Male,.69317067
1990,60,Male,.72596586
1991,60,Male,.71771711
1992,60,Male,.72906077
1993,60,Male,.66309661
1994,60,Male,.66485882
1995,60,Male,.72036117
1996,60,Male,.67525411
1997,60,Male,.73075169
1998,60,Male,.69402689
1999,60,Male,.75470394
2000,60,Male,.68696159
2001,60,Male,.69413972
2002,60,Male,.72156298
2003,60,Male,.69445407
2004,60,Male,.68091434
2005,60,Male,.70497131
2006,60,Male,.72242367
2007,60,Male,.70205492
2008,60,Male,.67814165
2009,60,Male,.68966174
2010,60,Male,.65572488
2011,60,Male,.71086943
2012,60,Male,.68778431
2013,60,Male,.68525594
2014,60,Male,.71816027
2015,60,Male,.71473336
2016,60,Male,.73273396
1961,60,Female,.29012811
1962,60,Female,.32098645
1963,60,Female,.3590878
1964,60,Female,.43091321
1965,60,Female,.45306438
1966,60,Female,.46626207
1967,60,Female,.46867183
1968,60,Female,.53342634
1969,60,Female,.45672715
1970,60,Female,.50927091
1971,60,Female,.50888282
1972,60,Female,.51093102
1973,60,Female,.50456816
1974,60,Female,.47455207
1975,60,Female,.46781003
1976,60,Female,.42861217
1977,60,Female,.43259716
1978,60,Female,.44042894
1979,60,Female,.46250996
1980,60,Female,.42905205
1981,60,Female,.44746661
1982,60,Female,.42162421
1983,60,Female,.43546626
1984,60,Female,.46546194
1985,60,Female,.43214238
1986,60,Female,.44455945
1987,60,Female,.45502603
1988,60,Female,.50764549
1989,60,Female,.47781989
1990,60,Female,.48632643
1991,60,Female,.50991666
1992,60,Female,.54132932
1993,60,Female,.50481373
1994,60,Female,.50280273
1995,60,Female,.52446079
1996,60,Female,.53151482
1997,60,Female,.51768339
1998,60,Female,.45802978
1999,60,Female,.54892343
2000,60,Female,.50731266
2001,60,Female,.58158278
2002,60,Female,.55055892
2003,60,Female,.56527424
2004,60,Female,.55899286
2005,60,Female,.60874468
2006,60,Female,.59540552
2007,60,Female,.56847739
2008,60,Female,.60029602
2009,60,Female,.57329679
2010,60,Female,.60370517
2011,60,Female,.56602454
2012,60,Female,.58583778
2013,60,Female,.6147849
2014,60,Female,.58061391
2015,60,Female,.58354908
2016,60,Female,.57528424
1961,61,Male,.60568792
1962,61,Male,.5594697
1963,61,Male,.74464834
1964,61,Male,.80498487
1965,61,Male,.86034167
1966,61,Male,.86688387
1967,61,Male,.8453415
1968,61,Male,.86483717
1969,61,Male,.86467654
1970,61,Male,.82825798
1971,61,Male,.8251121
1972,61,Male,.81648964
1973,61,Male,.81222939
1974,61,Male,.83334154
1975,61,Male,.73552722
1976,61,Male,.74607444
1977,61,Male,.70717889
1978,61,Male,.73475939
1979,61,Male,.72643763
1980,61,Male,.69288474
1981,61,Male,.65111428
1982,61,Male,.68197066
1983,61,Male,.67675263
1984,61,Male,.63585842
1985,61,Male,.67934781
1986,61,Male,.67824715
1987,61,Male,.64926457
1988,61,Male,.64817333
1989,61,Male,.65312093
1990,61,Male,.65667367
1991,61,Male,.65499777
1992,61,Male,.64231336
1993,61,Male,.58262616
1994,61,Male,.58781272
1995,61,Male,.62622923
1996,61,Male,.63990891
1997,61,Male,.66482401
1998,61,Male,.65841401
1999,61,Male,.64845848
2000,61,Male,.63240868
2001,61,Male,.64785296
2002,61,Male,.65510195
2003,61,Male,.62936825
2004,61,Male,.67451501
2005,61,Male,.65537685
2006,61,Male,.64318967
2007,61,Male,.65833956
2008,61,Male,.70681709
2009,61,Male,.64978373
2010,61,Male,.64334375
2011,61,Male,.64527214
2012,61,Male,.66579753
2013,61,Male,.65003353
2014,61,Male,.67477006
2015,61,Male,.64520478
2016,61,Male,.69465077
1961,61,Female,.29046544
1962,61,Female,.2797448
1963,61,Female,.40264022
1964,61,Female,.41949555
1965,61,Female,.42281327
1966,61,Female,.39907679
1967,61,Female,.4612959
1968,61,Female,.44698274
1969,61,Female,.49019277
1970,61,Female,.43667284
1971,61,Female,.4639219
1972,61,Female,.43636453
1973,61,Female,.45576575
1974,61,Female,.44185498
1975,61,Female,.41951001
1976,61,Female,.4434641
1977,61,Female,.38608524
1978,61,Female,.41590247
1979,61,Female,.39066061
1980,61,Female,.43836764
1981,61,Female,.38750851
1982,61,Female,.43455383
1983,61,Female,.4024809
1984,61,Female,.39146286
1985,61,Female,.44144553
1986,61,Female,.39761999
1987,61,Female,.42098439
1988,61,Female,.43906236
1989,61,Female,.4439002
1990,61,Female,.41684967
1991,61,Female,.42449561
1992,61,Female,.46218243
1993,61,Female,.47766483
1994,61,Female,.46341911
1995,61,Female,.47382852
1996,61,Female,.47488761
1997,61,Female,.51342142
1998,61,Female,.49106246
1999,61,Female,.46296045
2000,61,Female,.49410036
2001,61,Female,.47021878
2002,61,Female,.49922696
2003,61,Female,.51471269
2004,61,Female,.50410008
2005,61,Female,.50403935
2006,61,Female,.52566874
2007,61,Female,.55477738
2008,61,Female,.55873394
2009,61,Female,.55975264
2010,61,Female,.56048906
2011,61,Female,.58353901
2012,61,Female,.55871874
2013,61,Female,.51908892
2014,61,Female,.57277584
2015,61,Female,.5695228
2016,61,Female,.56923395
1961,62,Male,.57905108
1962,62,Male,.56006706
1963,62,Male,.77224696
1964,62,Male,.75812203
1965,62,Male,.81518829
1966,62,Male,.80551779
1967,62,Male,.81728393
1968,62,Male,.82007134
1969,62,Male,.76300687
1970,62,Male,.82203108
1971,62,Male,.77042377
1972,62,Male,.76132709
1973,62,Male,.74255133
1974,62,Male,.70152098
1975,62,Male,.68444312
1976,62,Male,.68553531
1977,62,Male,.62752736
1978,62,Male,.62197447
1979,62,Male,.64804494
1980,62,Male,.59974223
1981,62,Male,.54703009
1982,62,Male,.58049279
1983,62,Male,.60618424
1984,62,Male,.5686366
1985,62,Male,.54241109
1986,62,Male,.59150958
1987,62,Male,.57755727
1988,62,Male,.55746293
1989,62,Male,.57902503
1990,62,Male,.57731485
1991,62,Male,.55578244
1992,62,Male,.56226981
1993,62,Male,.50539452
1994,62,Male,.53877646
1995,62,Male,.53465414
1996,62,Male,.5479179
1997,62,Male,.54984856
1998,62,Male,.54441166
1999,62,Male,.58665472
2000,62,Male,.58858567
2001,62,Male,.58234376
2002,62,Male,.53779089
2003,62,Male,.56983471
2004,62,Male,.5391503
2005,62,Male,.60699588
2006,62,Male,.55578464
2007,62,Male,.5998131
2008,62,Male,.57315421
2009,62,Male,.61304092
2010,62,Male,.56882524
2011,62,Male,.58795112
2012,62,Male,.61722654
2013,62,Male,.58687109
2014,62,Male,.60197771
2015,62,Male,.62082916
2016,62,Male,.62117219
1961,62,Female,.25244102
1962,62,Female,.24402691
1963,62,Female,.34813213
1964,62,Female,.35609382
1965,62,Female,.41961226
1966,62,Female,.39796469
1967,62,Female,.39383227
1968,62,Female,.41864824
1969,62,Female,.42288053
1970,62,Female,.44696525
1971,62,Female,.41054177
1972,62,Female,.39672002
1973,62,Female,.40052515
1974,62,Female,.38845745
1975,62,Female,.36004603
1976,62,Female,.35280773
1977,62,Female,.38760838
1978,62,Female,.37330252
1979,62,Female,.36751136
1980,62,Female,.33296022
1981,62,Female,.33432093
1982,62,Female,.35878065
1983,62,Female,.37125915
1984,62,Female,.34321558
1985,62,Female,.3642481
1986,62,Female,.33383226
1987,62,Female,.3399823
1988,62,Female,.36159351
1989,62,Female,.40133941
1990,62,Female,.36383137
1991,62,Female,.38234165
1992,62,Female,.37970775
1993,62,Female,.39034325
1994,62,Female,.39647743
1995,62,Female,.383542
1996,62,Female,.39846012
1997,62,Female,.39206064
1998,62,Female,.41137868
1999,62,Female,.42561403
2000,62,Female,.4328827
2001,62,Female,.43676811
2002,62,Female,.43736005
2003,62,Female,.41403833
2004,62,Female,.43291351
2005,62,Female,.47833055
2006,62,Female,.45228207
2007,62,Female,.44661552
2008,62,Female,.46905676
2009,62,Female,.49880412
2010,62,Female,.50669765
2011,62,Female,.49718866
2012,62,Female,.5366748
2013,62,Female,.49931499
2014,62,Female,.51336551
2015,62,Female,.50658256
2016,62,Female,.52372408
1961,63,Male,.61481178
1962,63,Male,.51315266
1963,63,Male,.72688568
1964,63,Male,.73707002
1965,63,Male,.7739439
1966,63,Male,.80410832
1967,63,Male,.78221554
1968,63,Male,.78623557
1969,63,Male,.77770191
1970,63,Male,.71953452
1971,63,Male,.73658073
1972,63,Male,.71357995
1973,63,Male,.67344528
1974,63,Male,.64048982
1975,63,Male,.60263932
1976,63,Male,.62469143
1977,63,Male,.58546662
1978,63,Male,.60149628
1979,63,Male,.58866197
1980,63,Male,.56078058
1981,63,Male,.53733623
1982,63,Male,.50978661
1983,63,Male,.51202404
1984,63,Male,.53299618
1985,63,Male,.45358032
1986,63,Male,.51268667
1987,63,Male,.48200598
1988,63,Male,.48831859
1989,63,Male,.50334513
1990,63,Male,.5312103
1991,63,Male,.48072356
1992,63,Male,.48707214
1993,63,Male,.51241803
1994,63,Male,.51358062
1995,63,Male,.47573483
1996,63,Male,.50860679
1997,63,Male,.45980468
1998,63,Male,.51103717
1999,63,Male,.51105851
2000,63,Male,.51473713
2001,63,Male,.57666785
2002,63,Male,.51540738
2003,63,Male,.49595299
2004,63,Male,.54732364
2005,63,Male,.50877404
2006,63,Male,.53050816
2007,63,Male,.55007315
2008,63,Male,.55933148
2009,63,Male,.5530557
2010,63,Male,.55739212
2011,63,Male,.52026737
2012,63,Male,.52938914
2013,63,Male,.58309168
2014,63,Male,.57190573
2015,63,Male,.57749885
2016,63,Male,.59921241
1961,63,Female,.21374409
1962,63,Female,.20845342
1963,63,Female,.35319078
1964,63,Female,.33157665
1965,63,Female,.34053662
1966,63,Female,.31059253
1967,63,Female,.3659471
1968,63,Female,.3819527
1969,63,Female,.36499184
1970,63,Female,.39642677
1971,63,Female,.37649834
1972,63,Female,.35262272
1973,63,Female,.37310523
1974,63,Female,.34912828
1975,63,Female,.30409345
1976,63,Female,.32127362
1977,63,Female,.3275868
1978,63,Female,.32734492
1979,63,Female,.31798136
1980,63,Female,.30719125
1981,63,Female,.32689634
1982,63,Female,.30242217
1983,63,Female,.25682124
1984,63,Female,.30849943
1985,63,Female,.33355713
1986,63,Female,.33044308
1987,63,Female,.30462649
1988,63,Female,.28493905
1989,63,Female,.29828456
1990,63,Female,.34099019
1991,63,Female,.31612581
1992,63,Female,.35106668
1993,63,Female,.34939101
1994,63,Female,.33577934
1995,63,Female,.35718384
1996,63,Female,.36606213
1997,63,Female,.31161791
1998,63,Female,.37982723
1999,63,Female,.36848858
2000,63,Female,.38488311
2001,63,Female,.41034782
2002,63,Female,.39443329
2003,63,Female,.383082
2004,63,Female,.38389137
2005,63,Female,.42168096
2006,63,Female,.48344156
2007,63,Female,.44349614
2008,63,Female,.41707608
2009,63,Female,.43997377
2010,63,Female,.42182857
2011,63,Female,.46208319
2012,63,Female,.44502276
2013,63,Female,.48640794
2014,63,Female,.46450785
2015,63,Female,.46946877
2016,63,Female,.45069259
1961,64,Male,.53050107
1962,64,Male,.54771042
1963,64,Male,.70379663
1964,64,Male,.70440704
1965,64,Male,.71267885
1966,64,Male,.69160849
1967,64,Male,.73927057
1968,64,Male,.72520435
1969,64,Male,.71440142
1970,64,Male,.66622776
1971,64,Male,.64571398
1972,64,Male,.64965326
1973,64,Male,.58510512
1974,64,Male,.6045869
1975,64,Male,.58555263
1976,64,Male,.51178521
1977,64,Male,.5013746
1978,64,Male,.50373393
1979,64,Male,.47975323
1980,64,Male,.49167368
1981,64,Male,.45990407
1982,64,Male,.46041685
1983,64,Male,.40454662
1984,64,Male,.4176448
1985,64,Male,.43290019
1986,64,Male,.38731781
1987,64,Male,.40412813
1988,64,Male,.42201349
1989,64,Male,.46308869
1990,64,Male,.41785389
1991,64,Male,.45827696
1992,64,Male,.40531397
1993,64,Male,.42876062
1994,64,Male,.41035601
1995,64,Male,.45610401
1996,64,Male,.38875911
1997,64,Male,.44919428
1998,64,Male,.47859925
1999,64,Male,.4420794
2000,64,Male,.46837506
2001,64,Male,.44249827
2002,64,Male,.47254351
2003,64,Male,.44003642
2004,64,Male,.41606957
2005,64,Male,.48047641
2006,64,Male,.48059803
2007,64,Male,.47987822
2008,64,Male,.50468194
2009,64,Male,.45739737
2010,64,Male,.46652433
2011,64,Male,.49981701
2012,64,Male,.48601085
2013,64,Male,.45623848
2014,64,Male,.48322338
2015,64,Male,.53609496
2016,64,Male,.54150021
1961,64,Female,.20146847
1962,64,Female,.17555285
1963,64,Female,.3148545
1964,64,Female,.31094107
1965,64,Female,.30692101
1966,64,Female,.34293732
1967,64,Female,.32341051
1968,64,Female,.324669
1969,64,Female,.31104237
1970,64,Female,.34112397
1971,64,Female,.32344782
1972,64,Female,.30035463
1973,64,Female,.26613531
1974,64,Female,.29728156
1975,64,Female,.26335549
1976,64,Female,.28199148
1977,64,Female,.28836155
1978,64,Female,.29340667
1979,64,Female,.27936244
1980,64,Female,.2627129
1981,64,Female,.25112021
1982,64,Female,.23281276
1983,64,Female,.23106685
1984,64,Female,.19828136
1985,64,Female,.24710575
1986,64,Female,.2486655
1987,64,Female,.27870038
1988,64,Female,.26988757
1989,64,Female,.30042425
1990,64,Female,.26638424
1991,64,Female,.25757948
1992,64,Female,.2684572
1993,64,Female,.28233439
1994,64,Female,.27790129
1995,64,Female,.27951425
1996,64,Female,.30481395
1997,64,Female,.33889145
1998,64,Female,.28109422
1999,64,Female,.30691874
2000,64,Female,.30619487
2001,64,Female,.30630693
2002,64,Female,.33257717
2003,64,Female,.35148761
2004,64,Female,.33457056
2005,64,Female,.31710395
2006,64,Female,.35940969
2007,64,Female,.38679498
2008,64,Female,.37250206
2009,64,Female,.37466809
2010,64,Female,.39324719
2011,64,Female,.38400084
2012,64,Female,.41230598
2013,64,Female,.40097451
2014,64,Female,.42320001
2015,64,Female,.43532637
2016,64,Female,.4151383
1961,65,Male,.41870534
1962,65,Male,.35346776
1963,65,Male,.5824644
1964,65,Male,.61288798
1965,65,Male,.60567302
1966,65,Male,.60652089
1967,65,Male,.61556965
1968,65,Male,.62761194
1969,65,Male,.60707527
1970,65,Male,.58264911
1971,65,Male,.53731394
1972,65,Male,.53787339
1973,65,Male,.511141
1974,65,Male,.45528153
1975,65,Male,.44112772
1976,65,Male,.38361374
1977,65,Male,.42731521
1978,65,Male,.37937656
1979,65,Male,.42240551
1980,65,Male,.39964309
1981,65,Male,.40509281
1982,65,Male,.39552867
1983,65,Male,.35058492
1984,65,Male,.35515964
1985,65,Male,.37205967
1986,65,Male,.37574935
1987,65,Male,.38074932
1988,65,Male,.41796568
1989,65,Male,.37271035
1990,65,Male,.43411404
1991,65,Male,.3786079
1992,65,Male,.37433651
1993,65,Male,.37378243
1994,65,Male,.37298435
1995,65,Male,.36420906
1996,65,Male,.38583273
1997,65,Male,.34232104
1998,65,Male,.39108998
1999,65,Male,.40933418
2000,65,Male,.42984432
2001,65,Male,.40870532
2002,65,Male,.41921073
2003,65,Male,.39460585
2004,65,Male,.40014607
2005,65,Male,.38606939
2006,65,Male,.40413895
2007,65,Male,.44135043
2008,65,Male,.44596606
2009,65,Male,.39469856
2010,65,Male,.45942765
2011,65,Male,.44659498
2012,65,Male,.44686589
2013,65,Male,.46010843
2014,65,Male,.47289053
2015,65,Male,.44327193
2016,65,Male,.50673056
1961,65,Female,.22480848
1962,65,Female,.16850296
1963,65,Female,.28140652
1964,65,Female,.26965836
1965,65,Female,.29469946
1966,65,Female,.21565051
1967,65,Female,.28129524
1968,65,Female,.27296659
1969,65,Female,.29968205
1970,65,Female,.27444446
1971,65,Female,.26610905
1972,65,Female,.25773579
1973,65,Female,.22230944
1974,65,Female,.22967081
1975,65,Female,.23168361
1976,65,Female,.2196292
1977,65,Female,.23320749
1978,65,Female,.22690415
1979,65,Female,.22650512
1980,65,Female,.2187784
1981,65,Female,.2342639
1982,65,Female,.22762792
1983,65,Female,.19208848
1984,65,Female,.19739152
1985,65,Female,.18680373
1986,65,Female,.2083858
1987,65,Female,.2145182
1988,65,Female,.24264124
1989,65,Female,.2629948
1990,65,Female,.22802293
1991,65,Female,.2274531
1992,65,Female,.20112446
1993,65,Female,.24949284
1994,65,Female,.24280465
1995,65,Female,.22030854
1996,65,Female,.23990238
1997,65,Female,.25152302
1998,65,Female,.26055503
1999,65,Female,.26582146
2000,65,Female,.2645241
2001,65,Female,.26312953
2002,65,Female,.31092072
2003,65,Female,.29619336
2004,65,Female,.31534719
2005,65,Female,.29381472
2006,65,Female,.3060011
2007,65,Female,.32147577
2008,65,Female,.33362263
2009,65,Female,.35844931
2010,65,Female,.35881862
2011,65,Female,.3234323
2012,65,Female,.32579321
2013,65,Female,.34335294
2014,65,Female,.36584845
2015,65,Female,.37937778
2016,65,Female,.36489394
1961,66,Male,.33776316
1962,66,Male,.37885672
1963,66,Male,.48247713
1964,66,Male,.52519488
1965,66,Male,.49524641
1966,66,Male,.55787027
1967,66,Male,.51580262
1968,66,Male,.53602153
1969,66,Male,.5409435
1970,66,Male,.495152
1971,66,Male,.51158988
1972,66,Male,.4465473
1973,66,Male,.48514718
1974,66,Male,.39679408
1975,66,Male,.37305871
1976,66,Male,.3854503
1977,66,Male,.33793536
1978,66,Male,.33307356
1979,66,Male,.32506761
1980,66,Male,.38065094
1981,66,Male,.38353616
1982,66,Male,.32845089
1983,66,Male,.34348363
1984,66,Male,.33192247
1985,66,Male,.32679814
1986,66,Male,.3123655
1987,66,Male,.34510005
1988,66,Male,.32362452
1989,66,Male,.37123033
1990,66,Male,.32316062
1991,66,Male,.33578178
1992,66,Male,.30581847
1993,66,Male,.33950076
1994,66,Male,.35927704
1995,66,Male,.35597819
1996,66,Male,.34621102
1997,66,Male,.30565941
1998,66,Male,.38459489
1999,66,Male,.37198356
2000,66,Male,.37095809
2001,66,Male,.37366778
2002,66,Male,.35092646
2003,66,Male,.35214576
2004,66,Male,.33134055
2005,66,Male,.33394971
2006,66,Male,.34866256
2007,66,Male,.35460922
2008,66,Male,.39055577
2009,66,Male,.4029218
2010,66,Male,.41744158
2011,66,Male,.42487851
2012,66,Male,.45661995
2013,66,Male,.40650389
2014,66,Male,.4059884
2015,66,Male,.43678251
2016,66,Male,.43461603
1961,66,Female,.16491881
1962,66,Female,.20279193
1963,66,Female,.24419443
1964,66,Female,.25725028
1965,66,Female,.21038012
1966,66,Female,.21602793
1967,66,Female,.25851536
1968,66,Female,.25223276
1969,66,Female,.25771219
1970,66,Female,.22339053
1971,66,Female,.24945535
1972,66,Female,.18418223
1973,66,Female,.16340084
1974,66,Female,.191397
1975,66,Female,.17520057
1976,66,Female,.20690022
1977,66,Female,.20759307
1978,66,Female,.18256859
1979,66,Female,.19118096
1980,66,Female,.19811991
1981,66,Female,.18974961
1982,66,Female,.18665081
1983,66,Female,.19802935
1984,66,Female,.19041891
1985,66,Female,.16641541
1986,66,Female,.21207461
1987,66,Female,.15708242
1988,66,Female,.20503883
1989,66,Female,.21014521
1990,66,Female,.2440217
1991,66,Female,.1956891
1992,66,Female,.20544623
1993,66,Female,.24759494
1994,66,Female,.21544243
1995,66,Female,.23692837
1996,66,Female,.1995907
1997,66,Female,.19145052
1998,66,Female,.26538092
1999,66,Female,.23447719
2000,66,Female,.23402174
2001,66,Female,.23592532
2002,66,Female,.26370314
2003,66,Female,.28881273
2004,66,Female,.26868176
2005,66,Female,.28648278
2006,66,Female,.32216161
2007,66,Female,.30469924
2008,66,Female,.29094508
2009,66,Female,.32229361
2010,66,Female,.32309854
2011,66,Female,.30889413
2012,66,Female,.31212956
2013,66,Female,.30497515
2014,66,Female,.32505485
2015,66,Female,.30134296
2016,66,Female,.32512078
1961,67,Male,.36503738
1962,67,Male,.23673891
1963,67,Male,.4415991
1964,67,Male,.47660336
1965,67,Male,.45959815
1966,67,Male,.47146174
1967,67,Male,.49365628
1968,67,Male,.51519471
1969,67,Male,.53771853
1970,67,Male,.49640632
1971,67,Male,.48666608
1972,67,Male,.45223397
1973,67,Male,.39445874
1974,67,Male,.38155097
1975,67,Male,.39546448
1976,67,Male,.29197177
1977,67,Male,.34394544
1978,67,Male,.36539114
1979,67,Male,.35490513
1980,67,Male,.30055052
1981,67,Male,.34865755
1982,67,Male,.35079086
1983,67,Male,.24728519
1984,67,Male,.27072221
1985,67,Male,.31615141
1986,67,Male,.26893622
1987,67,Male,.2847515
1988,67,Male,.31318614
1989,67,Male,.27083737
1990,67,Male,.32459986
1991,67,Male,.26989537
1992,67,Male,.27956125
1993,67,Male,.29585645
1994,67,Male,.25849071
1995,67,Male,.27139413
1996,67,Male,.3054736
1997,67,Male,.28796515
1998,67,Male,.2685318
1999,67,Male,.31242767
2000,67,Male,.33227602
2001,67,Male,.34377468
2002,67,Male,.36765245
2003,67,Male,.3337172
2004,67,Male,.35038036
2005,67,Male,.30538341
2006,67,Male,.35619119
2007,67,Male,.30090794
2008,67,Male,.30166182
2009,67,Male,.38395077
2010,67,Male,.43684316
2011,67,Male,.42814079
2012,67,Male,.42600363
2013,67,Male,.37767556
2014,67,Male,.36748955
2015,67,Male,.38131458
2016,67,Male,.36926648
1961,67,Female,.13235994
1962,67,Female,.1424813
1963,67,Female,.22858103
1964,67,Female,.18045841
1965,67,Female,.17947653
1966,67,Female,.16663298
1967,67,Female,.22076404
1968,67,Female,.21900877
1969,67,Female,.22461697
1970,67,Female,.19676897
1971,67,Female,.20768052
1972,67,Female,.22965224
1973,67,Female,.20804134
1974,67,Female,.18133003
1975,67,Female,.17194675
1976,67,Female,.16768259
1977,67,Female,.18572983
1978,67,Female,.16591759
1979,67,Female,.15389119
1980,67,Female,.15745442
1981,67,Female,.17553845
1982,67,Female,.16886862
1983,67,Female,.15804346
1984,67,Female,.17518768
1985,67,Female,.17132604
1986,67,Female,.15594429
1987,67,Female,.17317313
1988,67,Female,.18081973
1989,67,Female,.17324361
1990,67,Female,.17959203
1991,67,Female,.17760886
1992,67,Female,.16725437
1993,67,Female,.18721241
1994,67,Female,.20747083
1995,67,Female,.19987306
1996,67,Female,.20463297
1997,67,Female,.19987823
1998,67,Female,.21021305
1999,67,Female,.20406747
2000,67,Female,.20189032
2001,67,Female,.2258399
2002,67,Female,.2414376
2003,67,Female,.28509521
2004,67,Female,.25940946
2005,67,Female,.22789666
2006,67,Female,.25572866
2007,67,Female,.2783823
2008,67,Female,.251697
2009,67,Female,.28842285
2010,67,Female,.27479383
2011,67,Female,.29600996
2012,67,Female,.2808837
2013,67,Female,.25389704
2014,67,Female,.27906358
2015,67,Female,.27935618
2016,67,Female,.25921705
1961,68,Male,.35402966
1962,68,Male,.34875503
1963,68,Male,.43463475
1964,68,Male,.43615296
1965,68,Male,.42457864
1966,68,Male,.46907803
1967,68,Male,.44622362
1968,68,Male,.45744085
1969,68,Male,.43080235
1970,68,Male,.42263994
1971,68,Male,.40585482
1972,68,Male,.42455217
1973,68,Male,.41524446
1974,68,Male,.3748326
1975,68,Male,.26999006
1976,68,Male,.3349289
1977,68,Male,.30927426
1978,68,Male,.33494145
1979,68,Male,.30790851
1980,68,Male,.32627153
1981,68,Male,.28622422
1982,68,Male,.27700704
1983,68,Male,.31331992
1984,68,Male,.26016423
1985,68,Male,.29432485
1986,68,Male,.28064838
1987,68,Male,.26966009
1988,68,Male,.29386631
1989,68,Male,.27037916
1990,68,Male,.26831239
1991,68,Male,.29043514
1992,68,Male,.23726097
1993,68,Male,.253636
1994,68,Male,.27347291
1995,68,Male,.26171878
1996,68,Male,.24928918
1997,68,Male,.30069181
1998,68,Male,.24370435
1999,68,Male,.32423303
2000,68,Male,.29605037
2001,68,Male,.30611271
2002,68,Male,.33085829
2003,68,Male,.29971299
2004,68,Male,.34331799
2005,68,Male,.32884732
2006,68,Male,.28498378
2007,68,Male,.33707091
2008,68,Male,.30925587
2009,68,Male,.32610828
2010,68,Male,.38382572
2011,68,Male,.31008822
2012,68,Male,.31904382
2013,68,Male,.33617762
2014,68,Male,.35375366
2015,68,Male,.35870159
2016,68,Male,.34733668
1961,68,Female,.12136429
1962,68,Female,.083105348
1963,68,Female,.22355315
1964,68,Female,.18964438
1965,68,Female,.20684083
1966,68,Female,.18163753
1967,68,Female,.20662861
1968,68,Female,.19153637
1969,68,Female,.19914183
1970,68,Female,.17808655
1971,68,Female,.17635144
1972,68,Female,.17286086
1973,68,Female,.17907572
1974,68,Female,.15568565
1975,68,Female,.19748408
1976,68,Female,.14498156
1977,68,Female,.14252426
1978,68,Female,.1730728
1979,68,Female,.15220879
1980,68,Female,.14789793
1981,68,Female,.12673417
1982,68,Female,.15410671
1983,68,Female,.14607102
1984,68,Female,.1458251
1985,68,Female,.13595819
1986,68,Female,.11611247
1987,68,Female,.14515166
1988,68,Female,.16028662
1989,68,Female,.16829348
1990,68,Female,.17820606
1991,68,Female,.17011961
1992,68,Female,.15640846
1993,68,Female,.13707291
1994,68,Female,.16450965
1995,68,Female,.18208244
1996,68,Female,.2045816
1997,68,Female,.21981844
1998,68,Female,.172315
1999,68,Female,.20035349
2000,68,Female,.1781296
2001,68,Female,.16906978
2002,68,Female,.23221186
2003,68,Female,.24411708
2004,68,Female,.24488011
2005,68,Female,.21816528
2006,68,Female,.21829456
2007,68,Female,.26254845
2008,68,Female,.24156207
2009,68,Female,.20444976
2010,68,Female,.21972886
2011,68,Female,.21818121
2012,68,Female,.23156539
2013,68,Female,.26265687
2014,68,Female,.26633486
2015,68,Female,.27036932
2016,68,Female,.23678206
1961,69,Male,.31318462
1962,69,Male,.23436873
1963,69,Male,.37546134
1964,69,Male,.34538162
1965,69,Male,.36547267
1966,69,Male,.40080476
1967,69,Male,.44457296
1968,69,Male,.40859619
1969,69,Male,.48141205
1970,69,Male,.4063389
1971,69,Male,.36470011
1972,69,Male,.36412695
1973,69,Male,.35700032
1974,69,Male,.35491291
1975,69,Male,.33296871
1976,69,Male,.26413205
1977,69,Male,.28136295
1978,69,Male,.30686757
1979,69,Male,.32453966
1980,69,Male,.27448848
1981,69,Male,.30871737
1982,69,Male,.2493396
1983,69,Male,.2394191
1984,69,Male,.26360884
1985,69,Male,.2361246
1986,69,Male,.25737369
1987,69,Male,.25701854
1988,69,Male,.28063923
1989,69,Male,.25358456
1990,69,Male,.21074468
1991,69,Male,.25073391
1992,69,Male,.25028807
1993,69,Male,.24682817
1994,69,Male,.26020116
1995,69,Male,.23295815
1996,69,Male,.28145394
1997,69,Male,.24364839
1998,69,Male,.25631326
1999,69,Male,.26651284
2000,69,Male,.31404692
2001,69,Male,.21417829
2002,69,Male,.21351303
2003,69,Male,.26639587
2004,69,Male,.27803648
2005,69,Male,.3227064
2006,69,Male,.29885912
2007,69,Male,.26840907
2008,69,Male,.3293049
2009,69,Male,.30956838
2010,69,Male,.28146586
2011,69,Male,.31484175
2012,69,Male,.25790092
2013,69,Male,.31385857
2014,69,Male,.32100338
2015,69,Male,.29329577
2016,69,Male,.33448312
1961,69,Female,.088472821
1962,69,Female,.095769167
1963,69,Female,.13758539
1964,69,Female,.20272306
1965,69,Female,.16944326
1966,69,Female,.16407529
1967,69,Female,.16580662
1968,69,Female,.17610818
1969,69,Female,.17839421
1970,69,Female,.15609466
1971,69,Female,.1524799
1972,69,Female,.16674715
1973,69,Female,.14484435
1974,69,Female,.12959971
1975,69,Female,.10341013
1976,69,Female,.14542234
1977,69,Female,.14556929
1978,69,Female,.12997574
1979,69,Female,.13555801
1980,69,Female,.11316241
1981,69,Female,.1333573
1982,69,Female,.12241405
1983,69,Female,.15619826
1984,69,Female,.12126448
1985,69,Female,.097067259
1986,69,Female,.0881183
1987,69,Female,.12795046
1988,69,Female,.14469934
1989,69,Female,.15809976
1990,69,Female,.15428196
1991,69,Female,.12431595
1992,69,Female,.17559606
1993,69,Female,.15015554
1994,69,Female,.12622923
1995,69,Female,.12788484
1996,69,Female,.15169489
1997,69,Female,.16884257
1998,69,Female,.1882413
1999,69,Female,.13653925
2000,69,Female,.18550277
2001,69,Female,.17204088
2002,69,Female,.17339566
2003,69,Female,.2078115
2004,69,Female,.24455246
2005,69,Female,.19659995
2006,69,Female,.20960613
2007,69,Female,.19650576
2008,69,Female,.25081226
2009,69,Female,.19136336
2010,69,Female,.18263865
2011,69,Female,.19753486
2012,69,Female,.21010163
2013,69,Female,.21299182
2014,69,Female,.24339838
2015,69,Female,.21738303
2016,69,Female,.24304315
1961,70,Male,.32195911
1962,70,Male,.25169477
1963,70,Male,.38953334
1964,70,Male,.32313409
1965,70,Male,.30673692
1966,70,Male,.38894984
1967,70,Male,.32041147
1968,70,Male,.4225651
1969,70,Male,.39600024
1970,70,Male,.35187349
1971,70,Male,.40194184
1972,70,Male,.30831847
1973,70,Male,.35804206
1974,70,Male,.32895002
1975,70,Male,.27294359
1976,70,Male,.26223841
1977,70,Male,.26075518
1978,70,Male,.2449913
1979,70,Male,.27891603
1980,70,Male,.26849481
1981,70,Male,.19431396
1982,70,Male,.26615459
1983,70,Male,.1961111
1984,70,Male,.19161916
1985,70,Male,.19316694
1986,70,Male,.21126434
1987,70,Male,.21327624
1988,70,Male,.22854513
1989,70,Male,.20972024
1990,70,Male,.20561126
1991,70,Male,.24409859
1992,70,Male,.21005784
1993,70,Male,.17130513
1994,70,Male,.24412458
1995,70,Male,.27668393
1996,70,Male,.17840287
1997,70,Male,.21142054
1998,70,Male,.22301412
1999,70,Male,.27525863
2000,70,Male,.24950756
2001,70,Male,.2439612
2002,70,Male,.24851556
2003,70,Male,.26428223
2004,70,Male,.28091604
2005,70,Male,.30853221
2006,70,Male,.28812239
2007,70,Male,.32133639
2008,70,Male,.32001081
2009,70,Male,.3109062
2010,70,Male,.24405167
2011,70,Male,.26670414
2012,70,Male,.26860365
2013,70,Male,.28620258
2014,70,Male,.30815205
2015,70,Male,.34787902
2016,70,Male,.29141119
1961,70,Female,.11707105
1962,70,Female,.1048013
1963,70,Female,.16363907
1964,70,Female,.15172601
1965,70,Female,.16707928
1966,70,Female,.14501503
1967,70,Female,.16601457
1968,70,Female,.16975135
1969,70,Female,.13131088
1970,70,Female,.16049391
1971,70,Female,.12012859
1972,70,Female,.15066302
1973,70,Female,.136877
1974,70,Female,.14306025
1975,70,Female,.099157572
1976,70,Female,.11812413
1977,70,Female,.10885531
1978,70,Female,.12682183
1979,70,Female,.1355457
1980,70,Female,.10480353
1981,70,Female,.091889389
1982,70,Female,.094064057
1983,70,Female,.1225118
1984,70,Female,.12728107
1985,70,Female,.088366114
1986,70,Female,.10168868
1987,70,Female,.10110376
1988,70,Female,.10855055
1989,70,Female,.094249219
1990,70,Female,.1382114
1991,70,Female,.12316681
1992,70,Female,.099134199
1993,70,Female,.1281489
1994,70,Female,.11145508
1995,70,Female,.14037168
1996,70,Female,.12535954
1997,70,Female,.14309204
1998,70,Female,.15723248
1999,70,Female,.14318889
2000,70,Female,.15102388
2001,70,Female,.16214415
2002,70,Female,.14784648
2003,70,Female,.13714281
2004,70,Female,.17272744
2005,70,Female,.17163552
2006,70,Female,.19629276
2007,70,Female,.20721094
2008,70,Female,.2009116
2009,70,Female,.20684446
2010,70,Female,.18011452
2011,70,Female,.16846597
2012,70,Female,.20933951
2013,70,Female,.20220813
2014,70,Female,.22272839
2015,70,Female,.21835606
2016,70,Female,.20012543
1961,71,Male,.29957968
1962,71,Male,.25578839
1963,71,Male,.28658518
1964,71,Male,.29111308
1965,71,Male,.31250989
1966,71,Male,.2781353
1967,71,Male,.37373859
1968,71,Male,.34091157
1969,71,Male,.3390767
1970,71,Male,.33445787
1971,71,Male,.28075859
1972,71,Male,.33676448
1973,71,Male,.35566998
1974,71,Male,.30470794
1975,71,Male,.25383508
1976,71,Male,.28544679
1977,71,Male,.21795399
1978,71,Male,.21124995
1979,71,Male,.21592377
1980,71,Male,.1992795
1981,71,Male,.21977711
1982,71,Male,.17499252
1983,71,Male,.21178818
1984,71,Male,.18783647
1985,71,Male,.19494139
1986,71,Male,.17115095
1987,71,Male,.21432005
1988,71,Male,.21632986
1989,71,Male,.23475735
1990,71,Male,.13854495
1991,71,Male,.19697133
1992,71,Male,.18090673
1993,71,Male,.2100796
1994,71,Male,.18305847
1995,71,Male,.22377099
1996,71,Male,.24000771
1997,71,Male,.17981845
1998,71,Male,.20824243
1999,71,Male,.21625891
2000,71,Male,.22296154
2001,71,Male,.26569423
2002,71,Male,.21145865
2003,71,Male,.29083359
2004,71,Male,.28519997
2005,71,Male,.26895756
2006,71,Male,.23515023
2007,71,Male,.3014423
2008,71,Male,.2797851
2009,71,Male,.25995833
2010,71,Male,.2949357
2011,71,Male,.2627838
2012,71,Male,.26831546
2013,71,Male,.30449945
2014,71,Male,.26531371
2015,71,Male,.28828919
2016,71,Male,.26663756
1961,71,Female,.10760804
1962,71,Female,.063854761
1963,71,Female,.14621611
1964,71,Female,.15087388
1965,71,Female,.13063522
1966,71,Female,.14876062
1967,71,Female,.15221076
1968,71,Female,.16298369
1969,71,Female,.15767772
1970,71,Female,.11569235
1971,71,Female,.13463587
1972,71,Female,.13424434
1973,71,Female,.10869513
1974,71,Female,.095594518
1975,71,Female,.106902
1976,71,Female,.089912094
1977,71,Female,.10896588
1978,71,Female,.087283269
1979,71,Female,.11546158
1980,71,Female,.11269041
1981,71,Female,.0893443
1982,71,Female,.10142507
1983,71,Female,.10153941
1984,71,Female,.13848235
1985,71,Female,.12469154
1986,71,Female,.09040089
1987,71,Female,.10033963
1988,71,Female,.12087516
1989,71,Female,.090901807
1990,71,Female,.099428952
1991,71,Female,.10037673
1992,71,Female,.11896344
1993,71,Female,.12343089
1994,71,Female,.13120453
1995,71,Female,.10846283
1996,71,Female,.15169857
1997,71,Female,.093790017
1998,71,Female,.14160307
1999,71,Female,.13770041
2000,71,Female,.13909349
2001,71,Female,.11855255
2002,71,Female,.12290252
2003,71,Female,.15040801
2004,71,Female,.13765317
2005,71,Female,.13229081
2006,71,Female,.14292374
2007,71,Female,.17448284
2008,71,Female,.16557541
2009,71,Female,.15529144
2010,71,Female,.18821855
2011,71,Female,.15306199
2012,71,Female,.1540726
2013,71,Female,.19476588
2014,71,Female,.16921452
2015,71,Female,.17158575
2016,71,Female,.16931978
1961,72,Male,.26968759
1962,72,Male,.23031346
1963,72,Male,.38550529
1964,72,Male,.30205074
1965,72,Male,.25347826
1966,72,Male,.29493281
1967,72,Male,.26486108
1968,72,Male,.3027032
1969,72,Male,.25944263
1970,72,Male,.3101739
1971,72,Male,.3243154
1972,72,Male,.24498555
1973,72,Male,.29094335
1974,72,Male,.28905123
1975,72,Male,.25380287
1976,72,Male,.21563683
1977,72,Male,.26186663
1978,72,Male,.24667139
1979,72,Male,.16717626
1980,72,Male,.17827392
1981,72,Male,.20677602
1982,72,Male,.19837756
1983,72,Male,.17805494
1984,72,Male,.21477894
1985,72,Male,.1979733
1986,72,Male,.19295958
1987,72,Male,.19556853
1988,72,Male,.18875171
1989,72,Male,.21429011
1990,72,Male,.20688164
1991,72,Male,.15725084
1992,72,Male,.20703653
1993,72,Male,.17562771
1994,72,Male,.21188655
1995,72,Male,.18184039
1996,72,Male,.240593
1997,72,Male,.16384496
1998,72,Male,.21443178
1999,72,Male,.21173477
2000,72,Male,.1968099
2001,72,Male,.18661417
2002,72,Male,.22539248
2003,72,Male,.20300393
2004,72,Male,.20402592
2005,72,Male,.21210746
2006,72,Male,.22867833
2007,72,Male,.24723761
2008,72,Male,.2535421
2009,72,Male,.21460608
2010,72,Male,.3020784
2011,72,Male,.23575847
2012,72,Male,.24433118
2013,72,Male,.20476188
2014,72,Male,.23125833
2015,72,Male,.26623088
2016,72,Male,.28427526
1961,72,Female,.072537221
1962,72,Female,.10187624
1963,72,Female,.11864462
1964,72,Female,.1166482
1965,72,Female,.1313507
1966,72,Female,.10453823
1967,72,Female,.13370599
1968,72,Female,.14811841
1969,72,Female,.12211778
1970,72,Female,.1347498
1971,72,Female,.13500485
1972,72,Female,.097047321
1973,72,Female,.10159411
1974,72,Female,.090137474
1975,72,Female,.062525459
1976,72,Female,.086651735
1977,72,Female,.091033138
1978,72,Female,.096443832
1979,72,Female,.09054441
1980,72,Female,.094625123
1981,72,Female,.09038955
1982,72,Female,.081074692
1983,72,Female,.083396517
1984,72,Female,.10979088
1985,72,Female,.076125346
1986,72,Female,.072613947
1987,72,Female,.092603967
1988,72,Female,.082884155
1989,72,Female,.077703834
1990,72,Female,.10615715
1991,72,Female,.084178597
1992,72,Female,.083214797
1993,72,Female,.11502298
1994,72,Female,.10606829
1995,72,Female,.11445519
1996,72,Female,.083466545
1997,72,Female,.10793889
1998,72,Female,.10394704
1999,72,Female,.14566261
2000,72,Female,.15184413
2001,72,Female,.11685613
2002,72,Female,.11866739
2003,72,Female,.095009796
2004,72,Female,.16673604
2005,72,Female,.12798724
2006,72,Female,.14484446
2007,72,Female,.12789737
2008,72,Female,.13174455
2009,72,Female,.16095565
2010,72,Female,.15069723
2011,72,Female,.15618876
2012,72,Female,.14642279
2013,72,Female,.15493964
2014,72,Female,.17268433
2015,72,Female,.17047898
2016,72,Female,.16320597
1961,73,Male,.28450224
1962,73,Male,.21981603
1963,73,Male,.28524432
1964,73,Male,.28330207
1965,73,Male,.26433921
1966,73,Male,.25572011
1967,73,Male,.31424296
1968,73,Male,.26326266
1969,73,Male,.25683793
1970,73,Male,.25694063
1971,73,Male,.27357835
1972,73,Male,.21720943
1973,73,Male,.26663595
1974,73,Male,.25061333
1975,73,Male,.22997744
1976,73,Male,.24459438
1977,73,Male,.23252466
1978,73,Male,.23562123
1979,73,Male,.23736438
1980,73,Male,.18117219
1981,73,Male,.20073991
1982,73,Male,.23069671
1983,73,Male,.20018527
1984,73,Male,.13762322
1985,73,Male,.18689474
1986,73,Male,.1806194
1987,73,Male,.1888973
1988,73,Male,.18171038
1989,73,Male,.160432
1990,73,Male,.19479814
1991,73,Male,.13967136
1992,73,Male,.14837599
1993,73,Male,.15996999
1994,73,Male,.15944807
1995,73,Male,.14271469
1996,73,Male,.14970487
1997,73,Male,.17658576
1998,73,Male,.20049722
1999,73,Male,.19339463
2000,73,Male,.17975521
2001,73,Male,.19286896
2002,73,Male,.19487
2003,73,Male,.1808386
2004,73,Male,.20448709
2005,73,Male,.18624751
2006,73,Male,.23004875
2007,73,Male,.23819694
2008,73,Male,.1916465
2009,73,Male,.17762399
2010,73,Male,.22840837
2011,73,Male,.23108475
2012,73,Male,.24222223
2013,73,Male,.2480308
2014,73,Male,.22407985
2015,73,Male,.19094458
2016,73,Male,.24102601
1961,73,Female,.061644074
1962,73,Female,.081397898
1963,73,Female,.12081234
1964,73,Female,.11399628
1965,73,Female,.096035883
1966,73,Female,.11176755
1967,73,Female,.12062766
1968,73,Female,.13594352
1969,73,Female,.12316416
1970,73,Female,.11187138
1971,73,Female,.11961862
1972,73,Female,.091010429
1973,73,Female,.084136657
1974,73,Female,.10204441
1975,73,Female,.087052159
1976,73,Female,.069594644
1977,73,Female,.10669859
1978,73,Female,.11536582
1979,73,Female,.083632767
1980,73,Female,.10044877
1981,73,Female,.062941365
1982,73,Female,.089957729
1983,73,Female,.057182692
1984,73,Female,.10278317
1985,73,Female,.096511312
1986,73,Female,.074415989
1987,73,Female,.06789653
1988,73,Female,.10107297
1989,73,Female,.10529367
1990,73,Female,.093610756
1991,73,Female,.083603688
1992,73,Female,.078020215
1993,73,Female,.083114393
1994,73,Female,.070723228
1995,73,Female,.088292845
1996,73,Female,.072276153
1997,73,Female,.074002087
1998,73,Female,.096821554
1999,73,Female,.10494967
2000,73,Female,.1195603
2001,73,Female,.11594728
2002,73,Female,.083348796
2003,73,Female,.1246687
2004,73,Female,.10135163
2005,73,Female,.1381744
2006,73,Female,.14239241
2007,73,Female,.11422545
2008,73,Female,.11366482
2009,73,Female,.13445896
2010,73,Female,.11294895
2011,73,Female,.15420422
2012,73,Female,.1672323
2013,73,Female,.1332261
2014,73,Female,.14675762
2015,73,Female,.14392662
2016,73,Female,.16350429
1961,74,Male,.25396633
1962,74,Male,.25988108
1963,74,Male,.27906936
1964,74,Male,.27924576
1965,74,Male,.26746649
1966,74,Male,.22799124
1967,74,Male,.27103302
1968,74,Male,.2846868
1969,74,Male,.23164719
1970,74,Male,.25231037
1971,74,Male,.27402553
1972,74,Male,.2728771
1973,74,Male,.26960614
1974,74,Male,.2733399
1975,74,Male,.17848738
1976,74,Male,.1801737
1977,74,Male,.2050713
1978,74,Male,.17030393
1979,74,Male,.22369805
1980,74,Male,.19937997
1981,74,Male,.18004316
1982,74,Male,.17355469
1983,74,Male,.20165005
1984,74,Male,.1764794
1985,74,Male,.14737789
1986,74,Male,.14795998
1987,74,Male,.16857161
1988,74,Male,.14537697
1989,74,Male,.13846396
1990,74,Male,.12145104
1991,74,Male,.17973925
1992,74,Male,.13760355
1993,74,Male,.13895631
1994,74,Male,.14533451
1995,74,Male,.14296517
1996,74,Male,.13751569
1997,74,Male,.14739782
1998,74,Male,.13792732
1999,74,Male,.20677297
2000,74,Male,.19220898
2001,74,Male,.14416102
2002,74,Male,.15812267
2003,74,Male,.1694923
2004,74,Male,.20173453
2005,74,Male,.20685874
2006,74,Male,.21501268
2007,74,Male,.21714324
2008,74,Male,.17026928
2009,74,Male,.21406275
2010,74,Male,.17844209
2011,74,Male,.24011545
2012,74,Male,.22510295
2013,74,Male,.20842776
2014,74,Male,.2081144
2015,74,Male,.22908106
2016,74,Male,.23696774
1961,74,Female,.095579572
1962,74,Female,.038260937
1963,74,Female,.076829165
1964,74,Female,.085983425
1965,74,Female,.090720601
1966,74,Female,.060069162
1967,74,Female,.10138671
1968,74,Female,.12139975
1969,74,Female,.12047298
1970,74,Female,.089973278
1971,74,Female,.085875578
1972,74,Female,.092105947
1973,74,Female,.081721894
1974,74,Female,.085896291
1975,74,Female,.07137578
1976,74,Female,.071533635
1977,74,Female,.077520616
1978,74,Female,.067484327
1979,74,Female,.063948408
1980,74,Female,.068603233
1981,74,Female,.07788644
1982,74,Female,.053182736
1983,74,Female,.058208931
1984,74,Female,.05169763
1985,74,Female,.066754334
1986,74,Female,.084416538
1987,74,Female,.077747241
1988,74,Female,.058960501
1989,74,Female,.073503949
1990,74,Female,.075847469
1991,74,Female,.058265042
1992,74,Female,.07320042
1993,74,Female,.086110935
1994,74,Female,.078514911
1995,74,Female,.086101621
1996,74,Female,.094456971
1997,74,Female,.10689289
1998,74,Female,.096477814
1999,74,Female,.094991133
2000,74,Female,.053141549
2001,74,Female,.090265207
2002,74,Female,.081143789
2003,74,Female,.10146907
2004,74,Female,.10733147
2005,74,Female,.11454171
2006,74,Female,.13268746
2007,74,Female,.13161685
2008,74,Female,.13666883
2009,74,Female,.12479319
2010,74,Female,.12428916
2011,74,Female,.12903146
2012,74,Female,.12300707
2013,74,Female,.10590784
2014,74,Female,.13551068
2015,74,Female,.13913694
2016,74,Female,.12154095
1961,75,Male,.27078775
1962,75,Male,.10599828
1963,75,Male,.32014254
1964,75,Male,.22212034
1965,75,Male,.2524243
1966,75,Male,.23654814
1967,75,Male,.24855411
1968,75,Male,.28909263
1969,75,Male,.21889992
1970,75,Male,.23578446
1971,75,Male,.19793025
1972,75,Male,.19142997
1973,75,Male,.25555244
1974,75,Male,.2422282
1975,75,Male,.18554544
1976,75,Male,.14960217
1977,75,Male,.2051013
1978,75,Male,.17082328
1979,75,Male,.18017998
1980,75,Male,.170562
1981,75,Male,.17864828
1982,75,Male,.124447
1983,75,Male,.14620247
1984,75,Male,.15595831
1985,75,Male,.093309589
1986,75,Male,.11626393
1987,75,Male,.14280899
1988,75,Male,.14669201
1989,75,Male,.12570201
1990,75,Male,.12879343
1991,75,Male,.12920432
1992,75,Male,.16189566
1993,75,Male,.15591848
1994,75,Male,.13878489
1995,75,Male,.12084562
1996,75,Male,.13467897
1997,75,Male,.14715096
1998,75,Male,.1593269
1999,75,Male,.14436486
2000,75,Male,.16190623
2001,75,Male,.14315404
2002,75,Male,.13573065
2003,75,Male,.16299126
2004,75,Male,.15757407
2005,75,Male,.15218993
2006,75,Male,.1729714
2007,75,Male,.20694382
2008,75,Male,.17634666
2009,75,Male,.19692548
2010,75,Male,.1953131
2011,75,Male,.15786625
2012,75,Male,.21847247
2013,75,Male,.13370296
2014,75,Male,.20403825
2015,75,Male,.16561905
2016,75,Male,.1749848
1961,75,Female,.07433527
1962,75,Female,.059409831
1963,75,Female,.066295683
1964,75,Female,.064836852
1965,75,Female,.1197132
1966,75,Female,.11107326
1967,75,Female,.052381687
1968,75,Female,.096684918
1969,75,Female,.068374738
1970,75,Female,.10869099
1971,75,Female,.081632867
1972,75,Female,.069424197
1973,75,Female,.090535074
1974,75,Female,.08158794
1975,75,Female,.080249414
1976,75,Female,.058893666
1977,75,Female,.058002427
1978,75,Female,.078908436
1979,75,Female,.044317748
1980,75,Female,.059165999
1981,75,Female,.045227438
1982,75,Female,.059304189
1983,75,Female,.037661899
1984,75,Female,.062891543
1985,75,Female,.053480696
1986,75,Female,.053466927
1987,75,Female,.080094285
1988,75,Female,.054520629
1989,75,Female,.054777909
1990,75,Female,.065481097
1991,75,Female,.086229376
1992,75,Female,.056627613
1993,75,Female,.085932985
1994,75,Female,.098218203
1995,75,Female,.0743514
1996,75,Female,.077141091
1997,75,Female,.059742205
1998,75,Female,.08206252
1999,75,Female,.12484119
2000,75,Female,.068109363
2001,75,Female,.067536786
2002,75,Female,.073627427
2003,75,Female,.090674251
2004,75,Female,.13066533
2005,75,Female,.080977961
2006,75,Female,.10236021
2007,75,Female,.11432441
2008,75,Female,.11604695
2009,75,Female,.10177523
2010,75,Female,.14950629
2011,75,Female,.09070877
2012,75,Female,.10873973
2013,75,Female,.14986317
2014,75,Female,.11139343
2015,75,Female,.14602128
2016,75,Female,.12496362
1961,76,Male,.23709476
1962,76,Male,.20361958
1963,76,Male,.26423922
1964,76,Male,.24381006
1965,76,Male,.24182242
1966,76,Male,.19290526
1967,76,Male,.23164259
1968,76,Male,.19443141
1969,76,Male,.23446549
1970,76,Male,.238998
1971,76,Male,.25011128
1972,76,Male,.23230864
1973,76,Male,.2253232
1974,76,Male,.19435897
1975,76,Male,.14790328
1976,76,Male,.16819833
1977,76,Male,.16660331
1978,76,Male,.20260181
1979,76,Male,.13087189
1980,76,Male,.16116619
1981,76,Male,.14771296
1982,76,Male,.12695414
1983,76,Male,.14610463
1984,76,Male,.12064034
1985,76,Male,.12217559
1986,76,Male,.088538945
1987,76,Male,.11409355
1988,76,Male,.15132198
1989,76,Male,.13233019
1990,76,Male,.14700374
1991,76,Male,.09611401
1992,76,Male,.091138616
1993,76,Male,.13893372
1994,76,Male,.14700757
1995,76,Male,.16214472
1996,76,Male,.15971014
1997,76,Male,.10545818
1998,76,Male,.12289035
1999,76,Male,.14495406
2000,76,Male,.10938747
2001,76,Male,.12941548
2002,76,Male,.16514227
2003,76,Male,.12151701
2004,76,Male,.14870839
2005,76,Male,.12298009
2006,76,Male,.14391415
2007,76,Male,.16979226
2008,76,Male,.16055065
2009,76,Male,.15518527
2010,76,Male,.18677457
2011,76,Male,.19459444
2012,76,Male,.18375561
2013,76,Male,.23412547
2014,76,Male,.17376681
2015,76,Male,.18539345
2016,76,Male,.15257756
1961,76,Female,.05100451
1962,76,Female,.046954762
1963,76,Female,.13239306
1964,76,Female,.065806054
1965,76,Female,.079333074
1966,76,Female,.066955537
1967,76,Female,.092630878
1968,76,Female,.075645417
1969,76,Female,.076237701
1970,76,Female,.069815196
1971,76,Female,.10006929
1972,76,Female,.063154943
1973,76,Female,.046058577
1974,76,Female,.082528181
1975,76,Female,.03882711
1976,76,Female,.073987402
1977,76,Female,.046780638
1978,76,Female,.067312315
1979,76,Female,.043906968
1980,76,Female,.066440918
1981,76,Female,.06168212
1982,76,Female,.045911595
1983,76,Female,.040643223
1984,76,Female,.045704059
1985,76,Female,.053154409
1986,76,Female,.040881969
1987,76,Female,.07353919
1988,76,Female,.06395334
1989,76,Female,.051455658
1990,76,Female,.093674079
1991,76,Female,.040274702
1992,76,Female,.059482463
1993,76,Female,.07066761
1994,76,Female,.083077863
1995,76,Female,.05397702
1996,76,Female,.047992613
1997,76,Female,.07126385
1998,76,Female,.057833664
1999,76,Female,.069217183
2000,76,Female,.088296391
2001,76,Female,.074319266
2002,76,Female,.041868154
2003,76,Female,.09000247
2004,76,Female,.061444718
2005,76,Female,.10962619
2006,76,Female,.095804721
2007,76,Female,.07467553
2008,76,Female,.11564103
2009,76,Female,.083012536
2010,76,Female,.087759092
2011,76,Female,.095438488
2012,76,Female,.091085605
2013,76,Female,.093828283
2014,76,Female,.11413261
2015,76,Female,.098177306
2016,76,Female,.13358587
1961,77,Male,.2242295
1962,77,Male,.15188
1963,77,Male,.27248034
1964,77,Male,.21856931
1965,77,Male,.19109926
1966,77,Male,.17494199
1967,77,Male,.22816618
1968,77,Male,.2365189
1969,77,Male,.19138677
1970,77,Male,.17143941
1971,77,Male,.21344708
1972,77,Male,.19557671
1973,77,Male,.20094122
1974,77,Male,.17574453
1975,77,Male,.13546726
1976,77,Male,.14063613
1977,77,Male,.15657659
1978,77,Male,.16428432
1979,77,Male,.19223101
1980,77,Male,.1032617
1981,77,Male,.11969201
1982,77,Male,.1371616
1983,77,Male,.15140085
1984,77,Male,.14106821
1985,77,Male,.12181517
1986,77,Male,.12765864
1987,77,Male,.13172127
1988,77,Male,.099089921
1989,77,Male,.13848491
1990,77,Male,.097912736
1991,77,Male,.11028411
1992,77,Male,.11048573
1993,77,Male,.14233992
1994,77,Male,.082283132
1995,77,Male,.11016721
1996,77,Male,.19654787
1997,77,Male,.13908061
1998,77,Male,.093246713
1999,77,Male,.15456577
2000,77,Male,.14269708
2001,77,Male,.10871097
2002,77,Male,.11284786
2003,77,Male,.16703191
2004,77,Male,.15604967
2005,77,Male,.13429101
2006,77,Male,.16634956
2007,77,Male,.10261935
2008,77,Male,.17835785
2009,77,Male,.17191489
2010,77,Male,.13839136
2011,77,Male,.17355797
2012,77,Male,.17866251
2013,77,Male,.19100609
2014,77,Male,.17581281
2015,77,Male,.17922866
2016,77,Male,.1577137
1961,77,Female,.066126674
1962,77,Female,.053620137
1963,77,Female,.060932931
1964,77,Female,.093045309
1965,77,Female,.093383156
1966,77,Female,.022610439
1967,77,Female,.07107985
1968,77,Female,.087413184
1969,77,Female,.05933417
1970,77,Female,.080093063
1971,77,Female,.034776568
1972,77,Female,.058918614
1973,77,Female,.041494619
1974,77,Female,.048579268
1975,77,Female,.073382273
1976,77,Female,.05715986
1977,77,Female,.05510411
1978,77,Female,.051957369
1979,77,Female,.038877051
1980,77,Female,.048558075
1981,77,Female,.046316616
1982,77,Female,.070354477
1983,77,Female,.04541757
1984,77,Female,.026331199
1985,77,Female,.030529063
1986,77,Female,.041179292
1987,77,Female,.032569051
1988,77,Female,.05644162
1989,77,Female,.029530989
1990,77,Female,.051418502
1991,77,Female,.087736718
1992,77,Female,.035287436
1993,77,Female,.042343669
1994,77,Female,.05335756
1995,77,Female,.040498052
1996,77,Female,.044102248
1997,77,Female,.057328969
1998,77,Female,.055775803
1999,77,Female,.073435813
2000,77,Female,.087103494
2001,77,Female,.071232408
2002,77,Female,.063171268
2003,77,Female,.066860385
2004,77,Female,.056508683
2005,77,Female,.067904823
2006,77,Female,.082437851
2007,77,Female,.082482867
2008,77,Female,.08173795
2009,77,Female,.097488917
2010,77,Female,.076849513
2011,77,Female,.087150127
2012,77,Female,.10250697
2013,77,Female,.12895711
2014,77,Female,.086117186
2015,77,Female,.086943671
2016,77,Female,.087973155
1961,78,Male,.15386721
1962,78,Male,.13607344
1963,78,Male,.16291279
1964,78,Male,.27181855
1965,78,Male,.16931608
1966,78,Male,.13819464
1967,78,Male,.20516098
1968,78,Male,.21867481
1969,78,Male,.17115502
1970,78,Male,.15832952
1971,78,Male,.19521107
1972,78,Male,.20957905
1973,78,Male,.077421367
1974,78,Male,.11914483
1975,78,Male,.13300997
1976,78,Male,.16309161
1977,78,Male,.14989449
1978,78,Male,.15682425
1979,78,Male,.10718927
1980,78,Male,.13352999
1981,78,Male,.096725754
1982,78,Male,.16654707
1983,78,Male,.1253114
1984,78,Male,.11706295
1985,78,Male,.10670928
1986,78,Male,.099031493
1987,78,Male,.11149827
1988,78,Male,.13952704
1989,78,Male,.11745267
1990,78,Male,.13242427
1991,78,Male,.053497415
1992,78,Male,.08754243
1993,78,Male,.10776759
1994,78,Male,.15563506
1995,78,Male,.080593348
1996,78,Male,.084585048
1997,78,Male,.10043901
1998,78,Male,.082311586
1999,78,Male,.11555289
2000,78,Male,.11534908
2001,78,Male,.10106584
2002,78,Male,.10520267
2003,78,Male,.11627501
2004,78,Male,.13803582
2005,78,Male,.14287539
2006,78,Male,.17900559
2007,78,Male,.14467055
2008,78,Male,.15595447
2009,78,Male,.18777849
2010,78,Male,.13707013
2011,78,Male,.11909078
2012,78,Male,.17379966
2013,78,Male,.18916075
2014,78,Male,.15534322
2015,78,Male,.16752081
2016,78,Male,.15174282
1961,78,Female,.060129922
1962,78,Female,.030615292
1963,78,Female,.07291925
1964,78,Female,.054232869
1965,78,Female,.055329483
1966,78,Female,.027108822
1967,78,Female,.037609346
1968,78,Female,.067261524
1969,78,Female,.080682702
1970,78,Female,.039318889
1971,78,Female,.048335917
1972,78,Female,.067539878
1973,78,Female,.069898143
1974,78,Female,.04599176
1975,78,Female,.040578995
1976,78,Female,.05608996
1977,78,Female,.035934523
1978,78,Female,.040553775
1979,78,Female,.062215496
1980,78,Female,.046425205
1981,78,Female,.036812052
1982,78,Female,.031974789
1983,78,Female,.060987841
1984,78,Female,.037786786
1985,78,Female,.029553005
1986,78,Female,.047812466
1987,78,Female,.069650047
1988,78,Female,.046828471
1989,78,Female,.029690096
1990,78,Female,.05670315
1991,78,Female,.063780658
1992,78,Female,.04829935
1993,78,Female,.032059059
1994,78,Female,.051400211
1995,78,Female,.070091441
1996,78,Female,.026680864
1997,78,Female,.047901921
1998,78,Female,.054494601
1999,78,Female,.035319161
2000,78,Female,.057408947
2001,78,Female,.068850659
2002,78,Female,.057595808
2003,78,Female,.052685641
2004,78,Female,.078872986
2005,78,Female,.083787672
2006,78,Female,.064788349
2007,78,Female,.046385128
2008,78,Female,.06429828
2009,78,Female,.065602787
2010,78,Female,.069054589
2011,78,Female,.072009452
2012,78,Female,.068698771
2013,78,Female,.086086579
2014,78,Female,.096250653
2015,78,Female,.091395751
2016,78,Female,.092711471
